account_number,balance,transaction_date,transaction_amount,transaction_type,branch_location,customer_id,account_type,interest_rate,last_updated
30238269315024,Euro,1/26/2021,9829.74,transfer,PO Box 3270,1,savings,3.23,2/8/2021
67094051342884672,Peso,7/23/2021,9723.39,transfer,Room 914,2,savings,6.5,3/6/2021
5100148703729645,Dollar,6/6/2021,6931.14,deposit,Suite 85,3,checking,3.21,9/17/2021
3545857675861040,Dollar,7/4/2021,3501.34,withdrawal,8th Floor,4,investment,9.55,10/30/2021
4041596381012,Dollar,6/9/2021,6957.87,withdrawal,Room 545,5,investment,4.25,8/27/2021
5585686580638490,Ruble,5/26/2021,7055.23,transfer,Apt 788,6,savings,6.03,9/22/2021
374283106707649,Euro,7/11/2021,8068.19,deposit,10th Floor,7,savings,5.71,1/14/2021
3554447118885315,Euro,7/9/2021,7920.42,transfer,13th Floor,8,investment,3.15,5/17/2021
6331103918531798,Ruble,11/9/2021,5565.5,transfer,Room 1219,9,investment,0.09,12/23/2021
3549103818997797,Real,5/27/2021,8302.71,deposit,4th Floor,10,investment,3.91,12/3/2021
676721446766021968,Pound,1/10/2021,4345.47,transfer,Room 761,11,investment,2.78,11/9/2021
560225604534861431,Ruble,9/15/2021,1622.94,withdrawal,PO Box 38833,12,savings,6.31,8/26/2021
3544883136272297,Yuan Renminbi,9/1/2021,6941.6,transfer,11th Floor,13,checking,7.08,11/17/2021
3534748307130560,Yuan Renminbi,11/27/2021,921.36,deposit,19th Floor,14,investment,5.19,4/15/2021
372301718626353,Peso,10/12/2021,7004.45,transfer,PO Box 41069,15,investment,7.21,9/22/2021
5007666942046442,Krona,10/6/2021,4429.79,withdrawal,PO Box 78528,16,savings,9.78,7/25/2021
3538282866987877,Yuan Renminbi,3/12/2021,7378.49,withdrawal,PO Box 58088,17,checking,1.43,3/17/2021
675965852530403316,Real,6/2/2021,4162.36,deposit,PO Box 37165,18,checking,0.08,11/4/2021
3529795954292588,Yuan Renminbi,2/21/2021,6951.96,transfer,Apt 642,19,checking,8.78,3/28/2021
5602256127694122,Dollar,12/23/2021,705.89,withdrawal,3rd Floor,20,investment,0.4,1/5/2021
5100131667278213,Peso,2/14/2021,1886.63,withdrawal,Room 1653,21,savings,2.69,8/7/2021
3544366319408342,Koruna,9/9/2021,6397.22,transfer,Suite 97,22,savings,0.37,12/30/2021
6334376602397539,Yuan Renminbi,6/10/2021,7475.18,transfer,PO Box 48769,23,investment,7.25,11/6/2021
3551784085196026,Somoni,3/16/2021,381.8,transfer,Suite 11,24,savings,2.2,8/19/2021
4913558657701657,Ruble,7/1/2021,381.05,deposit,Apt 1100,25,checking,7.39,8/22/2021
3533423636851341,Dalasi,2/3/2021,5959.29,withdrawal,1st Floor,26,investment,6.61,1/8/2021
3557211757862564,Pound,4/4/2021,8242.96,withdrawal,Apt 81,27,checking,7.91,4/10/2021
3578137484270356,Kuna,4/30/2021,8989.19,withdrawal,PO Box 41622,28,checking,5.4,8/12/2021
3575814524808279,Zloty,12/10/2021,5112.89,deposit,PO Box 91496,29,checking,9.8,11/28/2021
5553125999133478,Taka,8/13/2021,3836.04,withdrawal,Apt 1487,30,checking,8.14,4/14/2021
3551451278373628,Yuan Renminbi,3/31/2021,7977.24,withdrawal,PO Box 51827,31,checking,6.48,11/20/2021
3552084715936720,Yuan Renminbi,3/30/2021,492.49,transfer,Suite 37,32,checking,2.34,9/5/2021
633110650725958703,Peso,3/27/2021,8696.92,transfer,12th Floor,33,investment,9.76,9/7/2021
3547869142374182,Kuna,6/26/2021,6882.82,withdrawal,PO Box 49983,34,checking,6.9,6/20/2021
3539235412724615,Peso,3/6/2021,3691.04,transfer,Apt 731,35,investment,9.0,2/1/2021
5602215622358963,Yuan Renminbi,1/5/2021,6527.19,transfer,Room 636,36,savings,9.7,4/8/2021
3573948647735563,Peso,4/17/2021,3850.08,transfer,13th Floor,37,investment,9.28,5/25/2021
374622543281652,Shekel,1/16/2021,7872.82,deposit,12th Floor,38,checking,0.61,8/19/2021
3542218686294171,Yuan Renminbi,8/4/2021,9363.55,transfer,Suite 59,39,savings,7.8,8/27/2021
3575663364257968,Peso,12/25/2021,2799.32,deposit,Suite 94,40,savings,3.59,3/4/2021
4913512127216457,Shekel,7/5/2021,4922.55,deposit,Room 252,41,investment,7.63,4/26/2021
5007669909230330,Rupiah,5/26/2021,4910.81,deposit,16th Floor,42,checking,8.97,10/3/2021
3562430658838837,Peso,12/6/2021,2705.63,transfer,Room 785,43,savings,4.21,6/30/2021
6334010362108746636,Yuan Renminbi,7/14/2021,5901.17,withdrawal,8th Floor,44,checking,5.71,4/16/2021
3549080739410516,Euro,6/20/2021,6877.56,withdrawal,Suite 39,45,checking,1.39,10/31/2021
5048372217083423,Real,10/22/2021,5555.37,transfer,Suite 44,46,checking,5.28,2/1/2021
5518125083294131,Hryvnia,3/2/2021,3419.02,withdrawal,Suite 72,47,checking,8.97,11/8/2021
6333098793046433,Sol,2/15/2021,1819.62,deposit,Room 1388,48,savings,2.07,6/9/2021
30291832748924,Franc,12/14/2021,3542.4,withdrawal,13th Floor,49,savings,8.69,9/3/2021
3577366592550232,Dollar,10/12/2021,7536.25,withdrawal,PO Box 69615,50,savings,1.52,11/13/2021
676232113147098923,Lev,5/2/2021,5128.35,transfer,Suite 17,51,savings,2.46,8/10/2021
6399863899426446,Yuan Renminbi,11/1/2021,7381.81,withdrawal,1st Floor,52,checking,7.25,9/27/2021
5100136109499590,Euro,1/24/2021,7350.15,withdrawal,Room 474,53,savings,7.85,6/6/2021
67639035428924751,Euro,4/24/2021,2703.47,deposit,PO Box 94708,54,investment,0.24,11/18/2021
201709136329698,Real,4/9/2021,4880.56,transfer,12th Floor,55,savings,2.47,11/20/2021
6762949550996261,Peso,6/27/2021,1475.57,withdrawal,Suite 94,56,investment,0.18,4/23/2021
3532395001410138,Ruble,2/21/2021,3098.02,withdrawal,PO Box 55508,57,savings,7.95,9/26/2021
3559371755988973,Real,5/13/2021,626.34,deposit,PO Box 29120,58,checking,8.83,7/31/2021
3574306048337621,Dalasi,3/11/2021,6824.36,transfer,Suite 60,59,savings,8.4,6/22/2021
4017953208376114,Real,9/1/2021,3583.84,withdrawal,Apt 1822,60,checking,6.97,2/10/2021
5641829125154662,Sol,8/20/2021,2082.23,withdrawal,8th Floor,61,checking,8.78,2/26/2021
3583172650716034,Ruble,9/27/2021,6056.55,transfer,Apt 1808,62,checking,3.47,8/29/2021
3530580686158555,Peso,5/29/2021,3438.72,withdrawal,Suite 49,63,checking,1.64,7/6/2021
5239285574543764,Rupiah,6/2/2021,2396.67,deposit,6th Floor,64,savings,3.24,5/25/2021
374288845984938,Euro,5/20/2021,2176.64,transfer,Room 1930,65,investment,5.51,1/10/2021
3537495669876466,Zloty,10/31/2021,4957.06,deposit,15th Floor,66,checking,4.58,11/26/2021
3532123128033264,Hryvnia,3/12/2021,5760.17,deposit,Room 617,67,savings,6.49,3/17/2021
3549531215406121,Bolivar,2/26/2021,1191.0,transfer,PO Box 35220,68,investment,6.11,8/30/2021
503889877469837975,Dollar,5/7/2021,4794.53,withdrawal,Room 1075,69,savings,1.1,6/7/2021
3581271987399423,Yuan Renminbi,11/7/2021,3086.72,transfer,Suite 18,70,checking,6.59,6/14/2021
4041595136714,Krona,4/26/2021,8104.26,deposit,Apt 1001,71,investment,3.4,6/5/2021
3532887911957760,Yuan Renminbi,12/23/2021,6835.2,transfer,Apt 1654,72,investment,6.13,11/1/2021
5641821056297079936,Dollar,5/29/2021,4824.9,deposit,Room 1651,73,investment,1.36,7/11/2021
30076410553345,Dollar,1/11/2021,2032.84,withdrawal,PO Box 79975,74,savings,7.87,3/16/2021
4508624302008558,Yuan Renminbi,12/24/2021,8800.66,deposit,Room 1446,75,checking,0.62,3/28/2021
50180733261445582,Rupiah,3/2/2021,1344.42,withdrawal,17th Floor,76,investment,5.84,11/29/2021
5602258522647184,Ruble,7/2/2021,7563.04,transfer,15th Floor,77,savings,2.25,4/10/2021
6370231793538117,Rupiah,3/11/2021,9266.15,withdrawal,PO Box 37209,78,investment,1.38,6/29/2021
3587086485214955,Yen,10/14/2021,5462.84,transfer,PO Box 44347,79,investment,7.51,11/12/2021
4017953673894,Koruna,8/13/2021,7687.83,withdrawal,Suite 29,80,investment,2.5,12/11/2021
3588394579062531,Yuan Renminbi,3/29/2021,8558.17,withdrawal,PO Box 3748,81,checking,9.17,2/13/2021
3576640717585310,Rupiah,1/12/2021,8882.3,deposit,PO Box 57308,82,investment,2.23,3/28/2021
4844201125278461,Yuan Renminbi,7/21/2021,3304.61,transfer,Suite 85,83,investment,0.77,6/12/2021
50206036258608661,Dollar,8/13/2021,1819.06,transfer,15th Floor,84,checking,0.25,11/18/2021
5893284898167753,Euro,6/22/2021,6408.68,transfer,Suite 5,85,investment,2.33,12/4/2021
30034164528195,Yuan Renminbi,10/8/2021,2686.56,withdrawal,Room 1064,86,checking,4.45,8/2/2021
4903166117539548910,Rupiah,8/10/2021,4853.01,transfer,Room 770,87,investment,1.14,7/28/2021
3532557501806574,Yuan Renminbi,3/16/2021,6658.2,transfer,PO Box 5904,88,investment,4.48,12/28/2021
3528529550462621,Peso,11/30/2021,7768.28,withdrawal,12th Floor,89,savings,9.96,1/15/2021
3589050798139570,Pound,11/1/2021,3471.03,deposit,Apt 1503,90,checking,1.95,6/14/2021
5641824231633991774,Yuan Renminbi,6/25/2021,2762.75,transfer,Suite 62,91,checking,3.6,12/19/2021
5602235221103230,Pound,3/30/2021,4259.69,deposit,19th Floor,92,savings,4.85,7/16/2021
633309856245811667,Won,9/21/2021,3987.33,deposit,Suite 25,93,checking,3.67,8/29/2021
6304377393597846,Ruble,4/7/2021,8228.41,transfer,Apt 270,94,investment,7.91,7/9/2021
675981933577553260,Hryvnia,5/2/2021,6171.33,withdrawal,8th Floor,95,investment,8.55,10/3/2021
3539196214018061,Euro,4/23/2021,5775.82,deposit,Apt 839,96,savings,9.79,10/5/2021
4405958378700969,Sol,10/19/2021,2848.85,transfer,Suite 66,97,savings,5.89,11/3/2021
201844766859969,Yuan Renminbi,7/9/2021,708.72,deposit,Apt 813,98,investment,3.31,7/11/2021
3557139402335191,Dirham,12/8/2021,8287.22,deposit,Suite 12,99,investment,9.64,8/20/2021
6334362255307415025,Yuan Renminbi,12/13/2021,2124.66,deposit,17th Floor,100,savings,4.67,4/22/2021
3555825880215820,Euro,7/2/2021,958.32,transfer,Apt 51,101,savings,9.85,8/4/2021
3574151531557685,Hryvnia,8/16/2021,1997.04,deposit,Suite 64,102,savings,8.77,10/19/2021
3586166333477508,Real,2/9/2021,9775.79,transfer,Suite 57,103,checking,2.15,7/8/2021
3540692844095922,Rupiah,5/8/2021,364.71,withdrawal,Room 1100,104,checking,2.92,2/7/2021
3540568904870125,Rupiah,11/12/2021,5119.89,transfer,PO Box 60439,105,savings,5.01,8/6/2021
5010123913033749,Franc,6/25/2021,3757.94,transfer,Apt 63,106,investment,9.62,2/13/2021
5038924054511937224,Quetzal,12/11/2021,385.65,deposit,7th Floor,107,investment,3.1,6/26/2021
3533985613104019,Rupiah,2/5/2021,3456.59,withdrawal,PO Box 1051,108,investment,0.56,9/24/2021
201927549465004,Yuan Renminbi,7/19/2021,8644.62,withdrawal,Suite 47,109,checking,0.58,6/22/2021
4175007631353543,Franc,1/10/2021,7696.87,withdrawal,3rd Floor,110,savings,1.77,8/6/2021
5002350895218465,Kwacha,6/29/2021,6458.96,transfer,18th Floor,111,savings,8.04,2/21/2021
3575407076560396,Dollar,3/3/2021,8081.52,deposit,Apt 1011,112,savings,8.32,3/2/2021
3531804293217078,Yen,5/24/2021,4331.03,deposit,9th Floor,113,checking,4.47,4/1/2021
4508876182364416,Rial,6/12/2021,1056.11,withdrawal,PO Box 17155,114,investment,4.55,7/14/2021
5100141573560216,Ruble,7/11/2021,1791.84,transfer,Suite 53,115,savings,6.7,3/3/2021
4508289811466695,Yuan Renminbi,6/4/2021,2979.51,deposit,5th Floor,116,checking,9.81,9/24/2021
201414521862680,Rupiah,12/30/2021,4735.81,withdrawal,PO Box 58269,117,savings,2.65,10/3/2021
3561021374077692,Yuan Renminbi,3/5/2021,3721.17,withdrawal,20th Floor,118,savings,9.08,6/12/2021
30597780248240,Yuan Renminbi,6/23/2021,648.39,deposit,Suite 30,119,savings,8.38,6/1/2021
5602230964230183,Boliviano,1/4/2021,9265.87,transfer,Apt 1002,120,checking,7.31,8/13/2021
3580197615201411,Yuan Renminbi,11/22/2021,6682.2,deposit,16th Floor,121,investment,4.04,5/19/2021
3579795885345660,Dong,3/7/2021,3991.98,deposit,1st Floor,122,checking,1.42,11/19/2021
3536796268626413,Peso,9/16/2021,8316.38,deposit,19th Floor,123,savings,5.75,11/21/2021
3572253578899277,Dollar,2/21/2021,2001.89,transfer,12th Floor,124,savings,3.69,7/30/2021
5100149270650545,Birr,5/17/2021,6909.87,transfer,Room 728,125,checking,5.8,10/31/2021
3576342022819894,Zloty,9/26/2021,9797.06,deposit,Apt 353,126,checking,5.95,9/29/2021
5602236690821864,Dong,9/14/2021,7597.19,transfer,9th Floor,127,investment,8.39,3/21/2021
3558866966203832,Euro,6/28/2021,2713.49,withdrawal,Suite 35,128,checking,9.09,3/14/2021
5002352067774747,Euro,2/13/2021,7504.47,withdrawal,Suite 24,129,checking,0.47,3/29/2021
633422798663763602,Euro,2/6/2021,3555.67,deposit,15th Floor,130,savings,7.18,7/13/2021
348901326412640,Naira,5/21/2021,9014.7,transfer,Apt 1211,131,investment,6.86,8/24/2021
3574504684267397,Yuan Renminbi,9/8/2021,214.22,deposit,Apt 781,132,savings,3.33,1/16/2021
3550968519267062,Peso,5/7/2021,9528.04,deposit,Suite 23,133,savings,5.89,11/21/2021
3541865217614599,Rupiah,3/14/2021,7079.18,deposit,Room 140,134,checking,0.89,12/17/2021
3579606923973068,Sol,5/9/2021,2539.72,transfer,Apt 152,135,checking,9.47,7/15/2021
3555554691288293,Yuan Renminbi,12/26/2021,3800.73,transfer,1st Floor,136,savings,1.86,12/7/2021
5361523398321987,Ruble,5/18/2021,9802.82,transfer,Suite 59,137,investment,6.59,3/22/2021
3561784415401318,Rupiah,6/7/2021,7984.25,withdrawal,Apt 1000,138,investment,5.77,5/10/2021
5602238917051945,Zloty,9/26/2021,9939.12,withdrawal,PO Box 50246,139,savings,4.66,8/12/2021
30167767030548,Yuan Renminbi,2/26/2021,173.12,withdrawal,15th Floor,140,savings,9.76,2/3/2021
4844351885670116,Rupiah,5/9/2021,8685.64,withdrawal,PO Box 98633,141,savings,8.47,4/21/2021
670671943568652381,Zloty,6/11/2021,1497.79,withdrawal,Suite 57,142,savings,5.39,10/6/2021
3557984171455013,Won,5/11/2021,4465.58,deposit,Room 80,143,savings,9.37,7/17/2021
3553742289511679,Peso,11/12/2021,3449.01,withdrawal,Apt 1312,144,investment,6.83,4/16/2021
4041370720583,Ruble,9/13/2021,5768.27,transfer,6th Floor,145,investment,0.38,3/28/2021
3537675707813593,Rupee,7/15/2021,789.67,withdrawal,Room 226,146,savings,9.64,2/24/2021
5100142095506919,Ruble,10/5/2021,151.46,transfer,Suite 81,147,checking,4.14,11/12/2021
5260379193057611,Yuan Renminbi,11/16/2021,2994.35,withdrawal,Apt 839,148,savings,6.94,12/29/2021
4913280906924812,Zloty,8/19/2021,8124.79,withdrawal,PO Box 90530,149,savings,6.02,3/15/2021
3577072798122087,Peso,9/22/2021,8283.51,deposit,Apt 41,150,investment,0.54,1/9/2021
6333996727258078842,Lev,11/17/2021,3131.46,transfer,Suite 20,151,investment,8.72,4/10/2021
4936371931504357,Lempira,1/10/2021,5287.79,deposit,7th Floor,152,savings,6.28,9/14/2021
347498814869937,Euro,8/13/2021,9168.64,deposit,Apt 815,153,investment,6.76,11/8/2021
6333531685290111264,Yuan Renminbi,7/6/2021,359.51,withdrawal,Room 1999,154,savings,1.37,12/2/2021
5007667991371822,Peso,3/24/2021,8336.26,transfer,Apt 296,155,checking,4.78,1/5/2021
374909407054873,Denar,12/23/2021,5136.76,withdrawal,15th Floor,156,investment,7.66,3/10/2021
3567629336483743,Euro,11/18/2021,7029.91,transfer,PO Box 76853,157,investment,6.74,6/18/2021
5610606053086109,Rupiah,10/10/2021,1254.09,withdrawal,PO Box 74836,158,investment,0.08,9/28/2021
3573525690241028,Rand,12/1/2021,6104.47,transfer,4th Floor,159,investment,2.21,11/17/2021
30265173094684,Euro,3/27/2021,9503.96,transfer,Suite 27,160,savings,5.61,7/4/2021
201600275310245,Pound,10/2/2021,1218.72,deposit,Apt 611,161,investment,1.25,6/25/2021
3571853371692786,Yuan Renminbi,8/19/2021,6099.45,transfer,Suite 10,162,investment,8.98,10/23/2021
30225030250945,Peso,1/30/2021,6841.4,withdrawal,PO Box 68019,163,investment,1.35,4/30/2021
3567032329850392,Hryvnia,1/30/2021,153.88,deposit,Apt 1216,164,investment,1.45,12/4/2021
5100145067562349,Rupee,3/3/2021,9774.4,withdrawal,Suite 23,165,savings,9.7,11/24/2021
3565797533998912,Koruna,5/20/2021,3935.77,transfer,Suite 23,166,investment,7.76,6/11/2021
3575730121643788,Dollar,1/12/2021,2652.84,transfer,Apt 1430,167,savings,3.86,4/8/2021
3536843603292418,Dollar,9/8/2021,2631.01,deposit,Suite 83,168,checking,9.38,4/5/2021
4894006328686157,Peso,6/28/2021,4787.21,deposit,Suite 37,169,checking,6.0,9/13/2021
3571894237693170,Ruble,11/13/2021,1950.52,deposit,Suite 6,170,investment,9.09,8/16/2021
3539241284202797,Ruble,10/24/2021,2755.95,withdrawal,Suite 70,171,savings,0.66,2/5/2021
5100140007081328,Rial,4/28/2021,592.14,withdrawal,Room 1543,172,savings,7.53,2/22/2021
3544207083661445,Peso,2/8/2021,7229.94,withdrawal,8th Floor,173,investment,1.38,3/30/2021
3569776217196957,Shekel,8/13/2021,2410.33,deposit,PO Box 60096,174,checking,5.92,11/5/2021
3534190895620969,Shekel,5/5/2021,3103.6,deposit,Apt 1922,175,checking,4.99,8/4/2021
3561877386270876,Som,12/13/2021,9595.35,deposit,Room 653,176,investment,9.28,11/12/2021
4508024130470155,Krona,12/4/2021,3788.33,deposit,20th Floor,177,savings,6.59,3/31/2021
5602221905910728,Won,12/24/2021,4460.74,deposit,PO Box 46642,178,savings,9.68,11/14/2021
3576420333922399,Euro,10/31/2021,3088.6,transfer,Apt 1519,179,investment,9.56,6/13/2021
677165386312443343,Yuan Renminbi,4/29/2021,4350.67,deposit,Suite 65,180,savings,1.65,6/1/2021
4175007194325573,Rupiah,8/7/2021,6752.59,deposit,PO Box 53618,181,savings,0.13,1/25/2021
6759144131410352939,Real,1/3/2021,2513.53,transfer,13th Floor,182,savings,5.13,11/18/2021
3547849223785985,Peso,6/17/2021,279.6,transfer,Apt 1091,183,investment,9.63,4/25/2021
201556994333340,Yuan Renminbi,7/14/2021,8487.93,withdrawal,Room 1573,184,checking,5.13,1/2/2021
5602236106826259,Peso,10/24/2021,296.69,transfer,Apt 1757,185,investment,8.8,1/12/2021
6304105366543014368,Yuan Renminbi,9/16/2021,9065.45,transfer,Room 597,186,investment,3.12,2/4/2021
3540848501258423,Rupiah,3/4/2021,1314.03,withdrawal,PO Box 46622,187,checking,3.73,4/22/2021
5048372057711364,Kyat,3/30/2021,5061.51,withdrawal,PO Box 49821,188,savings,6.8,8/14/2021
4017955547499010,Dollar,1/18/2021,3936.46,deposit,16th Floor,189,checking,8.61,10/7/2021
201763203925490,Yuan Renminbi,10/16/2021,945.7,deposit,Suite 63,190,checking,2.77,6/7/2021
6334965471756383603,Euro,1/21/2021,464.6,withdrawal,Room 1327,191,savings,4.28,1/28/2021
5641822294925887730,Yuan Renminbi,2/4/2021,9531.98,withdrawal,2nd Floor,192,investment,9.59,5/18/2021
30574038926612,Zloty,10/19/2021,2750.73,deposit,PO Box 71459,193,investment,0.86,10/30/2021
3589644364013605,Yuan Renminbi,11/2/2021,4408.71,transfer,Suite 55,194,savings,5.09,8/14/2021
3575748234250606,Lek,2/17/2021,4305.23,deposit,Apt 230,195,savings,6.05,8/7/2021
3567266367184831,Yuan Renminbi,11/4/2021,1035.36,withdrawal,Room 867,196,savings,8.25,5/1/2021
3571883182731341,Afghani,11/22/2021,1524.63,transfer,Room 927,197,savings,2.87,5/6/2021
4917754767405695,Dinar,12/30/2021,4620.6,withdrawal,PO Box 80365,198,investment,0.32,3/3/2021
3550315846995306,Kuna,11/17/2021,9247.94,transfer,Room 1961,199,savings,9.77,9/13/2021
3528789133117056,Peso,10/8/2021,5036.6,withdrawal,PO Box 80080,200,checking,1.47,9/27/2021
3575948365127025,Yuan Renminbi,5/4/2021,498.53,deposit,Apt 797,201,savings,7.47,8/25/2021
5107444540102267,Yuan Renminbi,7/5/2021,8540.01,withdrawal,PO Box 99280,202,investment,8.6,9/29/2021
5602223000487149,Real,5/29/2021,6795.63,transfer,Suite 91,203,savings,1.04,10/30/2021
3547567630781336,Dram,12/9/2021,1049.68,transfer,Room 1533,204,checking,4.1,6/20/2021
6382087871963007,Pound,1/16/2021,9278.98,transfer,Apt 260,205,savings,3.1,11/7/2021
3569571363084853,Hryvnia,8/24/2021,2741.76,deposit,Room 1910,206,investment,4.62,1/20/2021
5602220420821030,Yuan Renminbi,3/22/2021,3299.92,withdrawal,2nd Floor,207,savings,9.62,8/31/2021
5244595136732306,Yen,8/31/2021,1613.57,withdrawal,19th Floor,208,investment,3.18,3/21/2021
6383278990665115,Ruble,7/3/2021,2478.25,withdrawal,Room 1813,209,investment,3.65,8/9/2021
4936557208473322,Zloty,3/23/2021,2181.44,deposit,Suite 74,210,investment,9.72,4/6/2021
4017954155693,Ruble,1/9/2021,962.38,withdrawal,Suite 55,211,checking,1.77,3/2/2021
560225932685239937,Rupiah,10/12/2021,2135.24,deposit,Apt 1673,212,investment,7.7,6/12/2021
6331102886730481837,Dollar,4/17/2021,9528.13,transfer,Suite 7,213,checking,2.62,10/1/2021
201487023173913,Zloty,2/22/2021,2236.78,withdrawal,Room 933,214,investment,8.64,1/17/2021
4129912989947,Krona,9/10/2021,9298.23,withdrawal,15th Floor,215,checking,9.96,1/2/2021
5591596599791796,Peso,9/8/2021,1105.77,transfer,Room 184,216,savings,1.15,2/3/2021
63046701920536098,Ruble,3/3/2021,834.71,deposit,PO Box 405,217,savings,0.86,8/1/2021
3545477058360377,Euro,9/10/2021,3095.68,transfer,Apt 1915,218,checking,2.15,2/24/2021
30292058576585,Euro,10/8/2021,7656.33,deposit,PO Box 16125,219,investment,0.57,2/14/2021
30345143047788,Ruble,3/13/2021,1334.5,transfer,Apt 898,220,checking,1.71,2/8/2021
3587294006842276,Euro,6/4/2021,3291.15,deposit,17th Floor,221,investment,9.82,11/29/2021
4083130571830113,Peso,4/25/2021,4984.79,transfer,PO Box 57788,222,investment,8.06,10/12/2021
633430313819056099,Lempira,8/13/2021,8083.11,deposit,Apt 1696,223,savings,3.7,1/1/2021
0604021139423111,Zloty,7/22/2021,8881.7,transfer,PO Box 63090,224,investment,4.2,9/19/2021
4017953585833,Peso,9/20/2021,5418.08,withdrawal,19th Floor,225,savings,9.34,8/24/2021
5610662187758238,Yuan Renminbi,9/9/2021,5954.28,deposit,Apt 1992,226,savings,5.67,9/26/2021
3528947743525106,Yuan Renminbi,5/20/2021,9192.97,transfer,Suite 32,227,savings,4.23,5/26/2021
3553585228675976,Yuan Renminbi,4/9/2021,7919.75,withdrawal,PO Box 17868,228,savings,3.48,7/24/2021
3538280433587899,Krona,8/30/2021,403.55,withdrawal,PO Box 54522,229,investment,3.9,10/30/2021
5610154715868317,Rupiah,4/13/2021,3685.1,transfer,Room 1509,230,checking,7.91,7/6/2021
344589812907795,Shekel,12/30/2021,5216.64,withdrawal,Suite 25,231,investment,8.25,3/1/2021
5002356382717661,Rupiah,7/31/2021,7159.96,transfer,Apt 1750,232,savings,0.56,10/19/2021
3552910862230188,Real,7/7/2021,7644.54,deposit,16th Floor,233,savings,0.81,8/2/2021
670635624299939439,Yuan Renminbi,9/14/2021,6728.98,withdrawal,PO Box 54493,234,investment,6.34,5/18/2021
3546573960308451,Yuan Renminbi,10/27/2021,8106.62,deposit,Room 388,235,investment,4.69,3/23/2021
3542785911325814,Rupiah,3/19/2021,1564.4,transfer,PO Box 49324,236,checking,7.8,2/8/2021
201761688250129,Rupiah,12/17/2021,9149.71,withdrawal,Apt 1003,237,investment,0.08,4/18/2021
3579199573100935,Dinar,3/19/2021,8987.1,deposit,Suite 66,238,checking,8.28,2/18/2021
201774199474625,Rupiah,5/26/2021,9159.78,withdrawal,PO Box 18711,239,checking,5.6,1/11/2021
3563624135500650,Krona,12/4/2021,3892.72,deposit,Apt 962,240,savings,8.08,12/10/2021
201942071738231,Boliviano,7/6/2021,5723.07,deposit,Suite 11,241,investment,1.8,11/14/2021
5002359169689186,Franc,1/3/2021,4767.98,deposit,PO Box 81542,242,savings,3.47,1/9/2021
3545198261171167,Yuan Renminbi,1/3/2021,2553.14,deposit,Room 590,243,savings,4.14,11/20/2021
4508587546443438,Lempira,2/28/2021,2084.51,withdrawal,Apt 433,244,checking,6.32,12/26/2021
6304217042383323,Krona,6/12/2021,5563.22,transfer,Room 493,245,investment,4.48,11/11/2021
3574210323879762,Dollar,9/3/2021,5518.38,transfer,Apt 1130,246,savings,4.4,7/16/2021
3554498243227501,Euro,10/27/2021,9216.2,withdrawal,5th Floor,247,savings,7.75,5/3/2021
4405816576903993,Rupiah,5/13/2021,1649.4,withdrawal,Suite 20,248,checking,4.03,7/26/2021
3549563984468909,Rial,2/23/2021,4442.01,transfer,Suite 58,249,checking,0.5,10/1/2021
3560666109410385,Peso,7/14/2021,4639.04,deposit,9th Floor,250,savings,9.34,5/26/2021
3584658300995357,Denar,4/20/2021,2531.22,deposit,Room 400,251,checking,3.23,7/18/2021
5602219821914402,Dollar,3/11/2021,1870.13,deposit,Apt 148,252,investment,6.08,8/31/2021
3539428229253288,Yuan Renminbi,12/27/2021,8475.16,transfer,Room 10,253,investment,1.92,8/16/2021
3572537393240786,Real,1/3/2021,8479.39,withdrawal,Suite 61,254,savings,2.57,9/12/2021
3529527974256099,Yuan Renminbi,7/27/2021,1107.13,transfer,PO Box 66094,255,checking,6.08,8/25/2021
3583093777242110,Yuan Renminbi,8/29/2021,9426.92,deposit,Room 220,256,checking,3.67,3/31/2021
30427336650493,Gourde,12/2/2021,9152.68,transfer,PO Box 58267,257,investment,2.58,12/20/2021
50381263522871027,Dollar,10/21/2021,4801.89,deposit,PO Box 87703,258,investment,9.2,4/14/2021
3556406750325954,Yuan Renminbi,7/30/2021,9312.39,withdrawal,PO Box 5933,259,checking,1.48,5/24/2021
3541411109341205,Franc,12/10/2021,5007.88,transfer,Apt 1590,260,investment,2.49,10/15/2021
3588311515967409,Dollar,8/10/2021,4678.25,withdrawal,PO Box 94943,261,savings,1.09,12/21/2021
30275072568472,Rupiah,11/9/2021,398.0,withdrawal,PO Box 16300,262,investment,7.79,11/6/2021
4905767987927912,Zloty,3/13/2021,9677.24,transfer,Apt 1042,263,checking,1.67,11/3/2021
6333275554987335265,Sol,11/3/2021,87.13,withdrawal,PO Box 12934,264,checking,5.04,2/27/2021
4917714211233259,Euro,8/23/2021,8119.94,transfer,Suite 53,265,savings,7.68,4/28/2021
201720249115254,Real,4/18/2021,6923.9,deposit,6th Floor,266,checking,6.51,2/3/2021
3576655644109398,Krona,3/1/2021,7089.21,deposit,Room 611,267,savings,7.35,9/9/2021
3586264897619670,Quetzal,8/3/2021,3493.05,deposit,Apt 385,268,checking,6.52,10/22/2021
6762043916826600,Ringgit,11/7/2021,9968.37,deposit,Room 163,269,savings,9.09,4/24/2021
3534397330677054,Rupiah,9/11/2021,2145.6,withdrawal,Room 1466,270,checking,9.7,9/1/2021
3540401922422663,Peso,2/11/2021,8338.35,withdrawal,Apt 841,271,savings,4.64,7/24/2021
3536332210224659,Yuan Renminbi,7/17/2021,2184.3,withdrawal,Suite 93,272,checking,0.44,6/18/2021
5002352610041149,Yuan Renminbi,11/21/2021,1714.16,transfer,Room 1802,273,checking,4.03,4/29/2021
3537587000343691,Dinar,12/17/2021,7296.17,withdrawal,PO Box 1679,274,investment,6.0,9/6/2021
3549812463954453,Guarani,12/7/2021,9066.69,withdrawal,Room 1065,275,investment,9.47,12/7/2021
3579939985241458,Dollar,10/28/2021,8003.28,deposit,Room 859,276,investment,5.49,4/28/2021
379659963051905,Yuan Renminbi,10/4/2021,2053.7,transfer,PO Box 50682,277,savings,4.4,4/26/2021
4041592879141256,Zloty,5/7/2021,6662.77,transfer,Suite 56,278,investment,3.79,11/8/2021
4041590857942,Dollar,8/22/2021,5483.61,withdrawal,Suite 10,279,investment,3.35,9/2/2021
201887944902128,Yuan Renminbi,6/26/2021,800.66,transfer,PO Box 11194,280,savings,8.72,12/1/2021
30414989060287,Yuan Renminbi,6/22/2021,5960.13,transfer,16th Floor,281,savings,0.88,11/15/2021
3540630914453308,Euro,7/23/2021,4141.69,deposit,16th Floor,282,investment,6.74,3/31/2021
3581786627150332,Litas,11/2/2021,2482.53,withdrawal,18th Floor,283,investment,4.58,12/11/2021
3583401690942262,Dollar,5/24/2021,9042.01,deposit,PO Box 99971,284,investment,5.88,7/21/2021
4017950595139618,Zloty,7/25/2021,1467.96,withdrawal,Room 1176,285,checking,0.52,2/21/2021
501861905631247009,Rupiah,9/14/2021,2833.6,withdrawal,1st Floor,286,investment,2.23,4/22/2021
6334247684739353,Peso,11/4/2021,574.4,transfer,Room 648,287,checking,8.05,11/14/2021
201438980986581,Peso,12/6/2021,9379.12,transfer,Apt 615,288,checking,0.27,10/16/2021
3560511004561025,Euro,1/5/2021,7047.79,transfer,Room 1444,289,investment,4.48,7/22/2021
372301204688453,Pound,10/25/2021,5319.56,withdrawal,Room 1530,290,savings,1.49,5/4/2021
3562730418932329,Euro,9/1/2021,7065.39,withdrawal,Apt 1570,291,checking,1.55,7/30/2021
3563259700456564,Yuan Renminbi,6/25/2021,6134.2,withdrawal,PO Box 2526,292,savings,0.74,4/19/2021
6376558460187834,Real,11/27/2021,713.53,deposit,Room 334,293,savings,9.69,2/26/2021
670951146810483479,Ringgit,5/23/2021,3816.39,withdrawal,Suite 22,294,investment,7.65,6/14/2021
3543862731131612,Rupiah,5/4/2021,7344.01,transfer,Suite 13,295,investment,7.52,12/9/2021
201932469191283,Peso,3/29/2021,8894.46,withdrawal,Apt 475,296,investment,8.52,3/24/2021
4175001320361388,Euro,12/9/2021,8222.25,deposit,Room 106,297,investment,9.65,11/6/2021
3581047898558129,Krona,2/6/2021,1165.41,transfer,Suite 74,298,savings,7.76,1/22/2021
6761287954056388310,Dong,8/17/2021,1663.93,transfer,PO Box 6960,299,investment,0.3,4/19/2021
3584825833866369,Zloty,12/15/2021,7717.99,deposit,Suite 33,300,checking,4.42,7/2/2021
5493080856645036,Yuan Renminbi,12/14/2021,3424.51,withdrawal,Apt 873,301,savings,7.81,4/15/2021
6771107745492782,Real,12/6/2021,1147.92,deposit,Apt 1162,302,savings,2.4,6/13/2021
3558182446302420,Rupiah,10/24/2021,6517.68,deposit,Apt 1231,303,savings,3.0,11/6/2021
3564674345744068,Yuan Renminbi,6/29/2021,4165.65,transfer,Apt 27,304,investment,9.65,1/18/2021
4917174404636570,Peso,8/1/2021,4874.92,deposit,11th Floor,305,investment,0.76,1/31/2021
6394312041739707,Ruble,5/16/2021,8109.94,transfer,Suite 33,306,savings,5.38,10/6/2021
3589726111443720,Pound,3/13/2021,3812.11,deposit,Suite 72,307,checking,1.93,2/20/2021
3551710365304808,Yuan Renminbi,11/16/2021,7443.5,deposit,15th Floor,308,checking,3.62,4/4/2021
3563491732681402,Rupiah,3/20/2021,5847.58,deposit,Apt 1495,309,investment,6.08,8/16/2021
3570697872467623,Denar,12/21/2021,2229.59,transfer,Apt 1321,310,savings,7.87,12/7/2021
3560826799748433,Krona,2/12/2021,7107.26,transfer,Room 157,311,checking,6.78,7/22/2021
3561336106559704,Rupiah,9/27/2021,3506.19,transfer,Apt 1953,312,savings,5.51,4/29/2021
5602216345226503,Yuan Renminbi,2/3/2021,8908.13,deposit,Apt 510,313,investment,4.95,11/16/2021
3563621451904789,Ruble,2/15/2021,2191.53,deposit,Apt 1890,314,checking,6.11,6/25/2021
4041373319478933,Peso,7/22/2021,3653.0,transfer,PO Box 65059,315,investment,4.39,11/23/2021
30134095009545,Yuan Renminbi,2/18/2021,138.69,transfer,Suite 43,316,checking,2.49,1/27/2021
3589485630211320,Real,10/5/2021,3103.65,transfer,17th Floor,317,checking,4.53,8/21/2021
374622260266365,Peso,9/28/2021,538.7,deposit,Apt 1445,318,investment,3.89,1/11/2021
3589921168527463,Real,9/5/2021,7256.61,withdrawal,Apt 1579,319,savings,2.27,1/15/2021
3552358953766704,Ruble,6/19/2021,1136.81,transfer,14th Floor,320,investment,4.51,8/16/2021
5893916197035763267,Euro,8/25/2021,443.24,transfer,3rd Floor,321,investment,7.93,9/22/2021
3583985663591742,Yuan Renminbi,6/20/2021,8579.97,deposit,Room 1533,322,investment,3.33,1/28/2021
3566592945020291,Euro,9/1/2021,3703.33,withdrawal,Suite 64,323,savings,4.61,3/24/2021
560222841527659553,Yuan Renminbi,7/30/2021,5663.66,deposit,PO Box 67644,324,savings,6.46,7/8/2021
201660147523920,Zloty,12/8/2021,5573.02,deposit,17th Floor,325,investment,7.02,9/15/2021
374622985285682,Franc,4/29/2021,8379.68,withdrawal,Room 1889,326,checking,5.27,1/29/2021
6304446371888819254,Peso,5/6/2021,2393.39,withdrawal,Room 1506,327,investment,9.56,7/20/2021
201659007815632,Hryvnia,5/29/2021,1718.33,deposit,PO Box 90759,328,savings,5.41,9/23/2021
6334152554149782988,Rupiah,10/3/2021,9029.01,deposit,Room 9,329,checking,1.69,9/11/2021
6763569180991238411,Dinar,2/23/2021,5010.54,transfer,PO Box 2230,330,checking,2.83,1/19/2021
3573757127570147,Kuna,6/7/2021,8454.66,withdrawal,PO Box 23665,331,savings,3.26,3/23/2021
3585265792398154,Real,6/13/2021,9718.54,deposit,4th Floor,332,savings,5.7,12/17/2021
3554938818519345,Naira,4/17/2021,7344.49,deposit,Suite 82,333,savings,7.57,3/18/2021
3553744993620309,Rupiah,3/19/2021,4318.96,withdrawal,Apt 1098,334,checking,2.16,1/26/2021
3536618439439775,Won,1/11/2021,2420.28,transfer,Suite 34,335,checking,4.05,2/12/2021
6759105757058810,Franc,7/23/2021,9055.18,deposit,Apt 132,336,checking,3.24,4/14/2021
3580129812209277,Rupiah,6/14/2021,1710.38,withdrawal,Room 313,337,savings,0.85,5/16/2021
4903460782622144217,Ruble,1/20/2021,235.63,withdrawal,Room 1743,338,checking,9.41,7/15/2021
5504985599364538,Real,6/19/2021,7983.24,withdrawal,Apt 1766,339,investment,7.91,7/19/2021
3532358179269868,Yuan Renminbi,10/14/2021,5197.27,deposit,16th Floor,340,investment,0.17,5/5/2021
3572286379170530,Yuan Renminbi,10/8/2021,7436.7,withdrawal,PO Box 17380,341,checking,4.49,3/18/2021
6771714766039044,Franc,4/4/2021,5334.52,deposit,PO Box 39632,342,savings,6.5,12/1/2021
3545421344586734,Som,6/4/2021,6632.15,deposit,Apt 1426,343,investment,3.91,10/9/2021
6706958172322797,Yuan Renminbi,10/4/2021,409.56,transfer,PO Box 47318,344,investment,1.36,7/29/2021
5610050156011716,Yuan Renminbi,5/18/2021,3180.73,deposit,Suite 8,345,investment,4.4,4/15/2021
30243007656903,Dollar,7/7/2021,1130.74,deposit,Apt 436,346,checking,4.24,12/17/2021
6304237227497094,Koruna,7/26/2021,1084.21,deposit,Room 1396,347,investment,1.34,3/5/2021
201856189378658,Peso,6/5/2021,4526.98,deposit,5th Floor,348,checking,4.73,4/5/2021
4903552804889754469,Yuan Renminbi,3/23/2021,2555.23,deposit,Apt 1187,349,investment,2.45,1/28/2021
3563945065356981,Koruna,3/15/2021,894.58,transfer,PO Box 7927,350,savings,0.43,12/4/2021
6334591575592631,Dollar,2/27/2021,8619.1,transfer,Room 1418,351,savings,1.33,11/25/2021
3544128670670781,Real,8/12/2021,4375.76,deposit,Apt 1362,352,savings,2.58,10/16/2021
3530800694047586,Rupiah,7/25/2021,8665.86,transfer,Room 729,353,savings,3.43,5/13/2021
5602219789736219,Ruble,3/14/2021,6292.57,withdrawal,Suite 55,354,investment,9.76,9/7/2021
4911814979632751207,Krone,9/28/2021,7221.57,withdrawal,PO Box 94689,355,checking,2.71,12/4/2021
3532676244707871,Yuan Renminbi,5/18/2021,8143.48,deposit,Suite 71,356,investment,6.78,8/20/2021
6304672331278545,Yuan Renminbi,11/3/2021,91.47,deposit,Room 1124,357,savings,8.18,2/8/2021
3530467637706668,Ruble,9/8/2021,6067.16,transfer,Room 300,358,investment,8.99,5/13/2021
3567377999851786,Franc,8/2/2021,318.76,transfer,Room 1375,359,savings,5.23,1/2/2021
3578139121366191,Peso,8/26/2021,5714.1,transfer,Suite 43,360,savings,9.78,11/20/2021
5560681618480584,Peso,4/18/2021,1379.8,transfer,Suite 15,361,investment,6.81,1/17/2021
3539134181959140,Real,7/6/2021,9919.54,transfer,Apt 848,362,savings,0.65,11/19/2021
3565247872594294,Yuan Renminbi,11/16/2021,6289.49,deposit,Suite 76,363,checking,8.48,4/22/2021
3573217294195319,Franc,5/28/2021,6925.67,transfer,Suite 5,364,investment,2.53,6/8/2021
348649519006741,Baht,6/11/2021,269.76,withdrawal,9th Floor,365,savings,3.57,12/17/2021
3588250900706420,Rupiah,1/23/2021,9868.68,transfer,Suite 6,366,checking,9.21,6/29/2021
6762873771574375647,Peso,12/5/2021,7991.35,withdrawal,Room 1404,367,checking,9.46,1/9/2021
3569402773187583,Tugrik,8/2/2021,6243.51,withdrawal,Apt 121,368,investment,9.2,11/18/2021
5557188786971175,Krona,12/7/2021,4768.58,withdrawal,Apt 1597,369,checking,3.48,9/15/2021
3553192723920005,Taka,5/27/2021,5612.14,withdrawal,PO Box 82862,370,checking,6.67,3/14/2021
6304901370904503866,Rupiah,8/28/2021,487.13,withdrawal,Suite 78,371,savings,0.83,9/10/2021
58938595304239555,Euro,6/11/2021,7185.1,deposit,Suite 74,372,savings,0.6,3/30/2021
5602231588538480,Yuan Renminbi,4/6/2021,8685.75,transfer,Apt 1903,373,savings,3.96,3/26/2021
3548233387984164,Baht,12/27/2021,4554.22,deposit,Suite 9,374,investment,4.65,3/17/2021
3541108253690797,Euro,6/10/2021,6158.72,deposit,Suite 8,375,savings,7.09,7/12/2021
372301596591224,Real,7/14/2021,5392.21,transfer,17th Floor,376,checking,0.91,7/12/2021
6304172834949253573,Yuan Renminbi,1/1/2021,1884.39,transfer,6th Floor,377,investment,0.86,11/25/2021
503885761250139730,Franc,12/11/2021,7554.14,withdrawal,Room 1082,378,savings,9.81,12/11/2021
3534335676025058,Rial,9/1/2021,2586.27,transfer,18th Floor,379,investment,6.47,9/4/2021
3575375676098945,Yuan Renminbi,4/15/2021,6314.32,transfer,Room 1975,380,checking,4.39,7/17/2021
670913114288228088,Rupiah,2/20/2021,6678.09,transfer,14th Floor,381,checking,1.28,2/2/2021
5602222035226910,Euro,10/23/2021,1164.61,transfer,Apt 1224,382,investment,7.69,2/2/2021
4844929073167993,Rupiah,2/14/2021,8984.84,transfer,12th Floor,383,investment,4.05,4/5/2021
3557043038533056,Yuan Renminbi,11/26/2021,3783.52,withdrawal,Suite 94,384,checking,1.66,4/27/2021
6759051816596714438,Peso,8/21/2021,2295.44,deposit,PO Box 30311,385,investment,6.5,5/14/2021
5002357061910510,Franc,2/1/2021,7053.07,transfer,Room 319,386,savings,3.04,7/10/2021
5267439206798982,Yuan Renminbi,3/22/2021,2112.94,deposit,Apt 1610,387,checking,0.42,2/10/2021
4026123456096496,Dollar,10/4/2021,7667.17,deposit,PO Box 4674,388,investment,1.81,9/12/2021
4917984918477117,Koruna,9/17/2021,4990.92,withdrawal,PO Box 8105,389,checking,3.68,11/7/2021
5602244874070837,Yuan Renminbi,8/23/2021,5783.6,withdrawal,PO Box 5354,390,investment,6.03,1/31/2021
5602258517091430,Rial,4/2/2021,3477.57,transfer,20th Floor,391,checking,0.39,9/21/2021
3532076000425240,Yuan Renminbi,7/28/2021,4880.75,transfer,Apt 140,392,investment,1.32,5/23/2021
3564384737438549,Dollar,7/30/2021,6547.38,transfer,Suite 27,393,checking,9.65,11/26/2021
3545989104588124,Sol,2/18/2021,6980.87,transfer,Suite 49,394,checking,7.07,4/28/2021
5610664626465422038,Euro,6/13/2021,9227.57,deposit,10th Floor,395,investment,2.5,2/5/2021
3571118813453175,Peso,3/24/2021,6544.41,transfer,Suite 47,396,checking,4.55,8/12/2021
3582385323357561,Euro,9/2/2021,6213.89,withdrawal,Room 681,397,savings,6.01,3/13/2021
67611615003112435,Yuan Renminbi,6/17/2021,2881.86,transfer,Apt 1439,398,investment,4.82,12/6/2021
56022454164033289,Yuan Renminbi,8/29/2021,2133.41,transfer,Suite 85,399,checking,6.95,1/14/2021
6393890124137874,Koruna,2/13/2021,3207.9,withdrawal,Room 96,400,investment,6.86,10/22/2021
3579958986671257,Rupiah,3/21/2021,3398.86,transfer,Room 1315,401,savings,8.45,9/7/2021
3561805621248399,Dollar,10/19/2021,1929.98,deposit,Apt 810,402,investment,0.34,2/8/2021
3559133422110757,Euro,11/12/2021,9586.29,deposit,Room 1921,403,investment,0.18,4/13/2021
490518004836993311,Real,3/27/2021,6281.84,withdrawal,Suite 76,404,savings,9.82,12/8/2021
30050842781824,Yuan Renminbi,7/6/2021,4869.9,deposit,20th Floor,405,savings,4.52,4/3/2021
3560621627507972,Naira,3/3/2021,7363.14,transfer,17th Floor,406,checking,9.79,8/17/2021
3551895880317136,Pound,1/31/2021,2899.33,transfer,Room 1764,407,checking,0.54,1/15/2021
3557528001993246,Euro,2/9/2021,972.26,transfer,Suite 75,408,checking,8.62,5/22/2021
6763259871144338646,Euro,9/14/2021,8308.26,transfer,19th Floor,409,savings,8.36,9/29/2021
633110000631810509,Manat,2/12/2021,3800.06,transfer,Suite 98,410,checking,6.41,12/1/2021
670672948699525827,Yuan Renminbi,3/11/2021,2612.67,transfer,6th Floor,411,savings,6.48,7/12/2021
201490544301286,Koruna,12/18/2021,7007.97,deposit,Room 688,412,checking,2.72,5/22/2021
3579364960904139,Rupiah,10/13/2021,9905.04,transfer,PO Box 99835,413,checking,4.34,9/22/2021
3536451346958343,Yuan Renminbi,1/12/2021,7327.69,transfer,Room 1617,414,checking,9.53,6/11/2021
67712205580043332,Baht,6/26/2021,4257.72,withdrawal,Suite 25,415,checking,1.51,9/4/2021
6771228965979466877,Dram,2/14/2021,6325.63,deposit,Apt 572,416,savings,4.42,5/18/2021
5100176096240623,Yuan Renminbi,8/26/2021,1801.01,withdrawal,PO Box 87613,417,investment,6.8,1/17/2021
4844166284658565,Yuan Renminbi,5/7/2021,2957.27,transfer,Room 1362,418,checking,2.78,12/25/2021
3579483803427783,Koruna,8/30/2021,6550.59,transfer,18th Floor,419,checking,2.85,10/26/2021
3575724276066739,Rupiah,7/19/2021,1534.96,withdrawal,Suite 41,420,checking,6.38,6/3/2021
3540107624029645,Euro,4/22/2021,380.26,deposit,Room 286,421,investment,9.59,12/17/2021
3542715761810797,Dong,5/12/2021,1164.8,deposit,Room 1223,422,investment,5.52,1/9/2021
3546972799113175,Balboa,6/7/2021,3762.4,transfer,10th Floor,423,savings,5.99,11/17/2021
5100133701981992,Rupiah,10/23/2021,5063.57,deposit,Suite 96,424,investment,9.47,8/15/2021
3552150462987081,Dong,9/27/2021,8128.36,deposit,Room 1911,425,savings,8.36,9/14/2021
3573201485944503,Naira,10/2/2021,8520.94,transfer,Apt 972,426,investment,1.36,1/17/2021
6759751326126743,Zloty,11/10/2021,5959.16,transfer,PO Box 31213,427,investment,5.19,7/20/2021
30571553863170,Yuan Renminbi,10/30/2021,3462.04,deposit,4th Floor,428,checking,4.02,9/18/2021
3538947080622431,Rupiah,11/28/2021,5382.02,transfer,Suite 19,429,investment,1.02,10/5/2021
4041598501690,Peso,12/3/2021,3396.69,deposit,PO Box 56279,430,savings,1.94,1/10/2021
30203744997408,Won,12/8/2021,3084.58,deposit,18th Floor,431,investment,3.63,4/6/2021
36068803643274,Peso,1/2/2021,9944.13,withdrawal,Room 954,432,investment,1.36,6/21/2021
3530534902066506,Ruble,6/5/2021,8908.98,transfer,Suite 13,433,checking,8.04,12/26/2021
4917326018183304,Euro,11/26/2021,3160.91,deposit,Apt 324,434,investment,8.56,10/17/2021
3550785311816064,Balboa,2/23/2021,5983.66,withdrawal,8th Floor,435,checking,2.51,7/24/2021
341059766734671,Rial,6/1/2021,2298.53,transfer,PO Box 3134,436,investment,7.11,11/27/2021
3570101294235825,Sol,11/14/2021,3630.99,deposit,Apt 1717,437,savings,4.8,4/1/2021
3546167228821270,Yuan Renminbi,12/18/2021,7679.68,transfer,Apt 361,438,savings,4.1,5/10/2021
5602238871729710729,Euro,5/19/2021,2826.96,transfer,PO Box 53025,439,investment,1.43,1/3/2021
5157219283923064,Peso,10/8/2021,5124.29,deposit,2nd Floor,440,savings,1.17,5/28/2021
5002358686574053,Yuan Renminbi,8/8/2021,610.18,deposit,4th Floor,441,investment,0.47,6/13/2021
3557358871014349,Pound,9/28/2021,5781.52,deposit,Suite 39,442,checking,6.35,11/7/2021
5602227691665517,Sol,9/21/2021,5057.76,deposit,Apt 1428,443,investment,5.08,6/1/2021
5002358469965866,Peso,5/29/2021,8682.34,withdrawal,2nd Floor,444,savings,7.03,3/11/2021
06044528142201842,Real,2/16/2021,6219.32,withdrawal,Suite 57,445,investment,9.37,1/27/2021
3559358418779659,Litas,9/25/2021,3189.93,withdrawal,Suite 47,446,checking,4.38,9/18/2021
5610016612176260,Ruble,4/3/2021,8586.34,transfer,1st Floor,447,investment,0.25,6/19/2021
5602222730068351,Dollar,3/15/2021,4262.33,transfer,Apt 59,448,savings,3.61,3/24/2021
3542212092329069,Euro,11/20/2021,9173.29,transfer,PO Box 50966,449,checking,4.39,3/6/2021
5007668806683708,Euro,11/30/2021,4427.0,transfer,1st Floor,450,savings,5.68,3/2/2021
3563867992338900,Rand,12/4/2021,4771.0,deposit,Apt 770,451,investment,3.36,1/14/2021
3531087907644164,Euro,11/3/2021,1985.14,withdrawal,Apt 1662,452,investment,1.23,1/21/2021
501800588561026447,Peso,1/23/2021,8168.0,deposit,2nd Floor,453,investment,2.28,9/9/2021
3543032944269951,Naira,4/14/2021,2688.42,transfer,Suite 80,454,checking,2.31,10/14/2021
3529263544275043,Euro,11/16/2021,8802.75,deposit,13th Floor,455,checking,3.85,7/30/2021
377482019185706,Rupiah,8/29/2021,819.32,withdrawal,Suite 16,456,checking,4.6,12/8/2021
3558400728800105,Dollar,7/3/2021,2478.95,transfer,Suite 65,457,checking,4.1,12/21/2021
3567376641351542,Dollar,10/3/2021,8240.42,deposit,Room 446,458,checking,8.31,9/19/2021
3547963328791622,Lek,1/30/2021,2273.6,transfer,6th Floor,459,checking,4.8,5/19/2021
5151285275541962,Euro,6/26/2021,2774.69,transfer,Suite 90,460,checking,0.27,4/24/2021
56108099096117507,Euro,11/27/2021,5368.41,deposit,Apt 1402,461,checking,4.4,10/17/2021
342186585137353,Euro,5/18/2021,2980.8,deposit,PO Box 94138,462,checking,1.22,11/22/2021
379071183932130,Rupee,3/17/2021,4659.44,withdrawal,PO Box 75044,463,savings,3.06,7/30/2021
5610724938177389,Ruble,10/20/2021,408.07,withdrawal,13th Floor,464,investment,5.03,11/26/2021
3588638193462158,Peso,7/12/2021,4807.41,deposit,Apt 636,465,savings,4.16,9/28/2021
6771809987581829935,Real,8/5/2021,6629.67,transfer,Apt 152,466,savings,2.53,6/14/2021
5602226101582338,Franc,1/3/2021,8075.64,withdrawal,Suite 72,467,savings,2.72,3/2/2021
3551753636259955,Franc,4/9/2021,4234.59,transfer,19th Floor,468,savings,4.26,8/17/2021
6767914643600663,Ruble,5/29/2021,3681.68,transfer,Apt 1574,469,investment,3.49,3/30/2021
5602245173863640,Zloty,11/28/2021,9154.22,transfer,Suite 87,470,checking,7.22,1/5/2021
5018817551227719,Euro,3/11/2021,6601.89,deposit,PO Box 7185,471,savings,2.14,11/16/2021
4917995380478508,Metical,11/26/2021,7447.5,withdrawal,Suite 25,472,investment,6.48,12/23/2021
4905464130394568,Yuan Renminbi,7/10/2021,9023.12,deposit,16th Floor,473,investment,7.9,12/29/2021
3578518328387540,Peso,3/30/2021,9800.74,transfer,Room 278,474,savings,8.13,11/26/2021
5577720050411078,Yen,3/30/2021,5517.23,deposit,15th Floor,475,checking,3.32,9/27/2021
3534183194313279,Afghani,3/27/2021,6135.35,withdrawal,Suite 46,476,investment,6.01,11/14/2021
374288159144129,Euro,8/15/2021,8296.96,deposit,Room 1039,477,investment,2.84,7/27/2021
5370545959472676,Rupiah,12/11/2021,2588.7,deposit,Apt 1854,478,savings,8.77,6/6/2021
67065543347392904,Euro,5/14/2021,1257.21,withdrawal,PO Box 75046,479,investment,2.27,8/7/2021
3576327537416781,Euro,6/24/2021,7491.63,transfer,Apt 1404,480,savings,9.03,12/4/2021
3533006451383324,Euro,4/26/2021,2595.86,deposit,18th Floor,481,savings,6.91,4/30/2021
3571302196885936,Rupiah,12/25/2021,8767.34,deposit,Room 205,482,investment,4.15,1/9/2021
4017956978346233,Peso,7/13/2021,3982.99,deposit,Apt 981,483,investment,2.3,11/18/2021
3584273357116293,Quetzal,3/13/2021,1951.0,transfer,10th Floor,484,savings,7.79,11/25/2021
3562400174561197,Koruna,1/4/2021,4858.13,transfer,Apt 236,485,savings,0.49,4/19/2021
06048181330543215,Rial,5/13/2021,7918.1,transfer,Apt 101,486,checking,0.87,4/8/2021
30130780528799,Rial,6/20/2021,1691.15,transfer,Apt 528,487,checking,3.34,10/15/2021
5893582593677152,Zloty,12/23/2021,2402.95,transfer,13th Floor,488,savings,1.92,4/19/2021
30354227217390,Peso,4/19/2021,6726.86,withdrawal,Room 409,489,investment,8.2,9/24/2021
5100143590603847,Real,2/21/2021,7557.65,withdrawal,Room 361,490,checking,7.03,2/16/2021
3528889463099062,Peso,12/17/2021,2174.7,withdrawal,Suite 97,491,investment,5.38,11/14/2021
3547779296699732,Yuan Renminbi,4/15/2021,6379.36,withdrawal,Room 1612,492,checking,5.32,4/7/2021
5235704156288535,Franc,4/15/2021,8349.56,transfer,Suite 80,493,checking,3.36,3/11/2021
4175004303684610,Yuan Renminbi,1/31/2021,5948.58,transfer,11th Floor,494,investment,6.38,7/3/2021
5893831862475790094,Real,2/16/2021,1571.25,withdrawal,11th Floor,495,savings,7.54,9/1/2021
56022429976935087,Franc,10/28/2021,9544.67,deposit,Apt 1936,496,checking,0.32,8/5/2021
3563684428403343,Peso,4/22/2021,3990.38,deposit,Suite 42,497,investment,5.89,8/14/2021
561079535437369079,Yuan Renminbi,4/22/2021,730.28,deposit,Room 1134,498,savings,7.51,2/19/2021
5602257003991509,Rupiah,4/11/2021,8717.06,transfer,Suite 22,499,savings,4.1,8/28/2021
3581783678736044,Ruble,8/28/2021,4735.15,deposit,9th Floor,500,savings,3.54,8/6/2021
5610517181329115,Yuan Renminbi,9/6/2021,4961.34,transfer,14th Floor,501,investment,2.78,2/24/2021
564182178590135348,Peso,1/22/2021,9585.6,withdrawal,PO Box 78626,502,savings,6.76,6/25/2021
6771337080880552571,Ruble,7/20/2021,7758.07,withdrawal,6th Floor,503,checking,6.53,7/11/2021
3559902613148861,Yen,5/12/2021,3021.89,deposit,Room 1718,504,savings,7.52,4/30/2021
56022477142086707,Real,4/11/2021,4583.16,transfer,PO Box 14408,505,investment,8.12,7/7/2021
4917561359735730,Rupiah,10/11/2021,5680.08,deposit,PO Box 40984,506,checking,8.62,12/6/2021
3574210843743902,Peso,7/11/2021,4369.73,withdrawal,Room 1807,507,checking,0.85,5/3/2021
67628801592526505,Rupiah,6/10/2021,8154.58,transfer,PO Box 32264,508,savings,6.44,9/7/2021
3571202141797998,Won,3/25/2021,3682.44,withdrawal,PO Box 48966,509,savings,9.24,2/24/2021
67062135858691551,Euro,4/18/2021,7322.48,transfer,Apt 1938,510,savings,9.82,12/2/2021
630416356436162224,Yuan Renminbi,5/23/2021,2932.55,deposit,15th Floor,511,investment,5.02,6/30/2021
4026806823674447,Yuan Renminbi,3/2/2021,6476.19,deposit,Apt 799,512,investment,3.89,5/23/2021
502018847750274234,Dong,6/29/2021,5458.93,transfer,PO Box 6924,513,investment,8.1,12/20/2021
3571610863202403,Franc,10/26/2021,5298.25,deposit,PO Box 91775,514,investment,1.55,6/16/2021
3554279747349185,Franc,2/20/2021,9570.06,deposit,Room 1334,515,checking,9.35,7/14/2021
3533885934143011,Yuan Renminbi,12/26/2021,4029.49,withdrawal,Apt 1422,516,checking,5.47,3/30/2021
6391710789618269,Peso,4/26/2021,5388.42,deposit,Room 1861,517,checking,6.62,3/19/2021
3552943940814962,Krona,12/4/2021,7729.68,withdrawal,PO Box 93364,518,investment,7.15,3/5/2021
5602232261548804,Euro,1/9/2021,5020.63,transfer,Apt 1616,519,checking,2.38,2/17/2021
3534412784879310,Yuan Renminbi,6/7/2021,367.66,transfer,Apt 1206,520,savings,4.48,2/9/2021
3552904829263127,Real,5/1/2021,2458.6,transfer,PO Box 69554,521,checking,0.77,10/30/2021
3552732111941047,Rupee,7/8/2021,5392.26,transfer,Suite 98,522,checking,0.74,7/30/2021
3548429061305318,Dollar,11/19/2021,7451.15,deposit,20th Floor,523,checking,8.53,2/4/2021
6761046417619870,Ruble,6/30/2021,6478.53,deposit,Room 264,524,investment,0.3,1/6/2021
3568712091201051,Hryvnia,2/8/2021,2622.6,deposit,Room 1025,525,checking,3.58,2/17/2021
5602233465007365,Rupiah,2/16/2021,9525.86,transfer,8th Floor,526,checking,3.28,7/7/2021
201868631822688,Yuan Renminbi,9/28/2021,8258.33,withdrawal,Suite 56,527,investment,4.76,8/8/2021
6380767150382985,Yuan Renminbi,5/19/2021,4906.62,transfer,Room 871,528,investment,6.68,11/21/2021
30452310526923,Euro,10/30/2021,979.11,withdrawal,Room 1235,529,checking,7.4,4/21/2021
3589588542888711,Rupiah,3/16/2021,8475.53,deposit,Apt 228,530,savings,1.2,10/4/2021
5108753763317645,Peso,1/30/2021,3279.37,deposit,Room 1595,531,checking,7.62,12/8/2021
3556496030829545,Peso,1/21/2021,5152.23,withdrawal,PO Box 37351,532,investment,9.79,5/24/2021
3553726210047176,Yuan Renminbi,6/11/2021,1169.63,deposit,Apt 1899,533,checking,2.68,12/2/2021
3542035529656733,Peso,11/25/2021,8456.98,withdrawal,Suite 62,534,investment,6.0,11/28/2021
5002351307837397,Yuan Renminbi,8/13/2021,8333.08,transfer,Suite 55,535,savings,3.08,7/3/2021
6759251846922631442,Peso,11/27/2021,3777.2,withdrawal,Apt 1631,536,checking,8.32,3/8/2021
5265920216486959,Euro,1/15/2021,3888.08,transfer,Room 1678,537,investment,1.42,10/14/2021
6759088600611437283,Sol,5/15/2021,359.08,transfer,Suite 100,538,checking,2.41,11/8/2021
6304939645755005756,Euro,10/24/2021,4931.87,deposit,Apt 1718,539,checking,4.91,7/16/2021
5602237368981352945,Yuan Renminbi,11/12/2021,4711.45,withdrawal,Apt 576,540,investment,5.07,10/9/2021
0604596300408132,Lempira,6/12/2021,4364.95,transfer,Room 1048,541,savings,1.09,9/25/2021
3544806570401593,Krone,12/6/2021,3128.48,deposit,PO Box 29522,542,checking,9.0,7/14/2021
4041377866441814,Zloty,6/23/2021,5489.04,deposit,18th Floor,543,investment,9.82,3/28/2021
4175002632648777,Franc,9/12/2021,9347.95,deposit,Apt 1432,544,checking,4.65,2/24/2021
5394523451068435,Pound,4/15/2021,6721.92,deposit,Suite 33,545,investment,0.03,5/18/2021
5108759327937653,Yuan Renminbi,12/30/2021,8621.31,deposit,2nd Floor,546,savings,8.1,1/15/2021
30173203628291,Real,4/6/2021,5105.69,transfer,Room 381,547,savings,0.4,9/18/2021
3533419114414339,Peso,1/15/2021,6560.79,deposit,Room 793,548,checking,1.94,2/9/2021
201706542816326,Sol,1/11/2021,1472.93,transfer,Room 1952,549,savings,4.57,12/3/2021
3587763586359844,Tugrik,6/20/2021,6371.06,transfer,Room 777,550,investment,3.92,8/27/2021
4017955584650194,Peso,9/23/2021,3564.24,withdrawal,Apt 1356,551,investment,1.74,9/12/2021
3571469805329091,Euro,1/25/2021,3861.75,withdrawal,PO Box 87671,552,investment,4.23,4/14/2021
3572373385800266,Yuan Renminbi,3/3/2021,9223.89,transfer,Suite 7,553,savings,3.79,7/1/2021
3563617996167304,Yen,2/16/2021,1833.12,transfer,Apt 719,554,checking,4.09,6/27/2021
5100171005016040,Dollar,1/16/2021,470.98,deposit,14th Floor,555,checking,7.21,8/17/2021
3535722710200137,Krone,1/28/2021,8849.79,withdrawal,Suite 74,556,investment,1.28,3/30/2021
4026874778904094,Peso,9/12/2021,5378.71,transfer,Suite 18,557,checking,1.7,2/3/2021
5610423405872677,Yuan Renminbi,4/12/2021,9613.41,transfer,Apt 1637,558,checking,9.14,1/31/2021
4026740180934690,Peso,7/1/2021,2141.88,deposit,PO Box 58808,559,investment,7.2,2/26/2021
3588902909805682,Yuan Renminbi,3/14/2021,338.13,withdrawal,Room 742,560,investment,8.94,10/14/2021
4508498711792668,Ruble,11/18/2021,3341.7,transfer,PO Box 87703,561,investment,9.86,1/22/2021
3567175801679282,Kuna,9/21/2021,9177.34,withdrawal,Apt 1456,562,investment,9.73,1/18/2021
3586489252348454,Franc,9/25/2021,7779.39,transfer,PO Box 51449,563,checking,9.79,12/12/2021
3582493890214940,Ruble,12/13/2021,1030.65,withdrawal,PO Box 74178,564,checking,5.76,4/2/2021
3551650946433272,Peso,11/21/2021,9332.92,transfer,PO Box 49940,565,savings,4.49,4/23/2021
30187941322041,Euro,8/5/2021,3407.72,deposit,PO Box 9922,566,savings,1.95,3/25/2021
5100133061675200,Yuan Renminbi,1/16/2021,5057.98,withdrawal,Suite 4,567,checking,6.97,1/10/2021
3538793482665770,Rupiah,11/2/2021,9493.97,transfer,Room 1038,568,investment,6.12,6/22/2021
3588624375373116,Tugrik,3/15/2021,7551.11,transfer,Apt 1994,569,investment,3.63,7/10/2021
560225270535903885,Euro,2/6/2021,3569.96,transfer,Suite 3,570,savings,4.62,12/15/2021
67065186493319782,Dinar,10/17/2021,4113.56,deposit,PO Box 55857,571,investment,1.77,7/31/2021
201722988840290,Real,5/29/2021,1427.63,deposit,Suite 5,572,investment,6.26,6/1/2021
3534654874183182,Dollar,12/30/2021,3159.52,withdrawal,PO Box 14653,573,checking,4.81,6/12/2021
4017957308366867,Yen,4/30/2021,101.98,transfer,Room 1965,574,investment,2.02,7/28/2021
4175000787674663,Rupiah,8/11/2021,6139.77,withdrawal,Suite 34,575,savings,6.98,4/29/2021
5048379874070361,Dollar,10/28/2021,2107.77,withdrawal,Apt 1177,576,investment,6.69,1/29/2021
3567072507513537,Euro,4/30/2021,4780.97,deposit,8th Floor,577,investment,1.35,6/25/2021
3571278681543463,Yuan Renminbi,8/7/2021,6819.97,withdrawal,PO Box 4177,578,investment,2.58,1/4/2021
5010125307885972,Euro,5/23/2021,6004.93,deposit,Room 1831,579,investment,2.28,2/25/2021
5602210322514130,Krona,5/2/2021,6153.2,deposit,Apt 1508,580,savings,2.04,3/1/2021
201859655886477,Yuan Renminbi,12/13/2021,2567.45,deposit,Apt 280,581,investment,5.12,5/30/2021
5610996738293513422,Sol,3/29/2021,2217.35,transfer,5th Floor,582,investment,1.11,6/9/2021
374283017053067,Baht,1/26/2021,4556.52,withdrawal,PO Box 1329,583,savings,5.54,10/26/2021
3571249104051004,Yuan Renminbi,11/17/2021,8476.84,withdrawal,14th Floor,584,checking,9.37,4/29/2021
3558130080458743,Real,2/28/2021,9372.93,deposit,PO Box 38914,585,investment,5.99,9/10/2021
3560669868572882,Cordoba,4/23/2021,2882.12,withdrawal,Room 1884,586,investment,6.04,9/20/2021
3560499721117679,Ruble,7/5/2021,6704.59,withdrawal,Apt 767,587,investment,5.35,7/23/2021
3572936581997050,Yuan Renminbi,9/22/2021,9097.13,transfer,Suite 58,588,checking,6.44,1/16/2021
3529326074647244,Yuan Renminbi,10/24/2021,6072.73,transfer,Suite 9,589,investment,9.85,6/12/2021
5048378994167537,Ruble,9/15/2021,3578.25,deposit,Apt 1200,590,savings,7.8,5/8/2021
4017950084400,Peso,1/3/2021,5138.83,deposit,PO Box 48472,591,checking,6.09,5/21/2021
5299095206038449,Real,6/15/2021,3333.42,withdrawal,PO Box 87234,592,investment,1.05,11/20/2021
3578245599830921,Peso,4/26/2021,4997.87,withdrawal,PO Box 44622,593,checking,4.91,10/12/2021
3574282435533470,Rupiah,8/15/2021,6495.47,deposit,PO Box 60237,594,savings,5.6,9/5/2021
5602213836051284,Real,4/2/2021,9179.66,withdrawal,PO Box 57205,595,investment,8.12,3/31/2021
676198291279648731,Franc,10/2/2021,5556.64,withdrawal,Apt 1751,596,savings,4.25,7/16/2021
4905355878038198475,Dram,6/22/2021,2453.15,withdrawal,8th Floor,597,savings,4.65,8/27/2021
5453515168448155,Dinar,4/28/2021,5031.93,transfer,Room 1073,598,checking,6.44,11/6/2021
36212592100662,Yuan Renminbi,10/7/2021,1924.51,withdrawal,Room 1272,599,savings,8.07,11/14/2021
3551772058963886,Rupiah,10/15/2021,7893.09,deposit,Suite 79,600,investment,3.98,9/29/2021
372301774771077,Peso,12/27/2021,7577.28,transfer,3rd Floor,601,savings,6.86,7/21/2021
5641822826768492,Dollar,7/29/2021,6829.37,deposit,Apt 552,602,investment,5.69,4/7/2021
3560561523488739,Yuan Renminbi,11/16/2021,5075.43,transfer,Suite 46,603,investment,1.45,11/18/2021
3546734323578798,Euro,3/27/2021,5567.46,withdrawal,Apt 677,604,investment,4.84,4/15/2021
6389695251003443,Yuan Renminbi,2/24/2021,8380.79,deposit,PO Box 46274,605,investment,0.19,7/15/2021
5421823702747341,Dollar,4/20/2021,4343.73,withdrawal,Room 129,606,checking,2.91,5/2/2021
3564885615329220,Lek,7/11/2021,1121.61,transfer,Apt 563,607,checking,4.28,12/2/2021
201520785103015,Yuan Renminbi,6/1/2021,2615.92,deposit,PO Box 45249,608,savings,3.16,4/13/2021
3565800715591420,Rupiah,4/9/2021,2616.71,deposit,PO Box 70929,609,savings,0.24,2/22/2021
3539924225384234,Manat,7/17/2021,5048.18,transfer,Apt 1510,610,checking,1.24,9/26/2021
3588937541070030,Euro,11/15/2021,3561.27,deposit,Room 1336,611,savings,2.11,10/6/2021
3531715554233630,Franc,7/11/2021,4010.93,deposit,Room 618,612,savings,3.41,6/11/2021
5610220235807614554,Yuan Renminbi,3/10/2021,7789.82,deposit,PO Box 66908,613,savings,2.17,10/26/2021
3550428567436457,Euro,2/15/2021,7857.94,withdrawal,Suite 9,614,investment,9.99,5/20/2021
5893775003998344550,Ruble,10/25/2021,5613.38,deposit,PO Box 23950,615,savings,9.36,2/28/2021
50181255164655728,Rupiah,6/10/2021,1838.65,deposit,PO Box 78605,616,checking,9.79,6/1/2021
5108753932660842,Dollar,9/27/2021,7435.93,withdrawal,Suite 32,617,checking,4.29,9/21/2021
5100143699051773,Ruble,3/30/2021,3906.69,withdrawal,3rd Floor,618,checking,3.05,2/25/2021
3551198600798150,Hryvnia,12/4/2021,2538.79,deposit,19th Floor,619,checking,0.75,10/15/2021
4041377523106743,Rupiah,10/20/2021,8926.26,deposit,PO Box 46812,620,checking,4.74,9/14/2021
6373643914999100,Rupiah,7/24/2021,5570.18,withdrawal,PO Box 74260,621,investment,5.23,4/16/2021
3528483365599112,Rand,3/11/2021,372.72,deposit,Apt 1066,622,savings,6.27,2/9/2021
3574160626303970,Ruble,5/26/2021,3055.22,withdrawal,Room 1480,623,savings,6.91,8/18/2021
3540594783163127,Yuan Renminbi,3/17/2021,3856.55,transfer,PO Box 13806,624,checking,9.71,2/17/2021
630468591491923527,Dirham,12/10/2021,7539.23,deposit,13th Floor,625,checking,0.63,5/14/2021
3542685115147719,Rupiah,7/5/2021,8368.4,deposit,Apt 1641,626,checking,9.64,6/24/2021
63047864931738902,Ruble,6/16/2021,8581.11,withdrawal,5th Floor,627,investment,0.12,2/28/2021
3536848481120748,Real,1/23/2021,1443.29,transfer,Suite 79,628,savings,9.82,10/27/2021
372301696344268,Ruble,12/15/2021,2631.63,withdrawal,20th Floor,629,savings,8.35,8/24/2021
201509314505261,Euro,3/26/2021,7628.74,withdrawal,Room 987,630,checking,1.94,11/8/2021
6709727367720991,Afghani,9/9/2021,2229.44,withdrawal,PO Box 49606,631,investment,8.97,5/27/2021
36094920085363,Yuan Renminbi,8/21/2021,4537.0,withdrawal,Apt 675,632,investment,2.55,8/29/2021
676131053660310077,Rupiah,6/7/2021,5249.69,deposit,Room 1968,633,investment,8.1,8/30/2021
3566014348142945,Koruna,5/3/2021,3496.71,deposit,Apt 1063,634,checking,3.56,10/19/2021
3545024063761585,Shilling,4/22/2021,3265.77,withdrawal,Room 1864,635,checking,5.87,3/19/2021
3569150909766222,Taka,3/11/2021,3607.42,deposit,Suite 100,636,checking,3.22,5/31/2021
374283853810679,Dinar,9/17/2021,6716.22,deposit,PO Box 95540,637,savings,9.49,1/17/2021
3576652816569145,Yuan Renminbi,6/3/2021,7741.08,deposit,Suite 13,638,checking,4.39,12/4/2021
5108759627093272,Ruble,9/9/2021,5436.48,transfer,PO Box 36282,639,checking,1.87,3/7/2021
676715315557667198,Hryvnia,3/23/2021,1036.66,transfer,Apt 1168,640,checking,6.75,6/24/2021
3545212430389426,Euro,11/12/2021,2746.75,transfer,PO Box 9586,641,investment,0.41,9/1/2021
3541303352781809,Euro,4/14/2021,8790.06,withdrawal,Room 907,642,checking,1.19,3/3/2021
3580487827856460,Shilling,9/16/2021,9229.34,transfer,Room 476,643,investment,3.06,8/8/2021
6706792002540830472,Rial,9/9/2021,5540.11,transfer,Room 280,644,checking,1.26,4/6/2021
5602236626344361,Birr,3/2/2021,1747.12,transfer,PO Box 60896,645,checking,2.02,1/28/2021
4175004483284280,Euro,7/25/2021,3861.41,withdrawal,Apt 634,646,savings,8.63,1/14/2021
3555752933532870,Baht,11/5/2021,770.4,withdrawal,Suite 88,647,savings,2.26,8/20/2021
633483690707386555,Rupiah,11/21/2021,5537.47,deposit,Room 621,648,investment,5.6,9/30/2021
56022248976448358,Yuan Renminbi,12/20/2021,9367.57,transfer,PO Box 52591,649,checking,9.63,10/28/2021
30202975331378,Rupiah,1/13/2021,9922.31,deposit,Suite 47,650,investment,1.06,4/20/2021
5602254861719353,Peso,1/19/2021,4964.34,deposit,Apt 1506,651,investment,8.43,5/9/2021
6304533263005639695,Taka,9/25/2021,7.08,deposit,Apt 1492,652,checking,8.75,8/3/2021
5893243520017056893,Peso,8/18/2021,6309.12,withdrawal,Room 1814,653,savings,1.22,9/24/2021
30455724652250,Rupiah,1/3/2021,7596.26,withdrawal,7th Floor,654,investment,6.66,7/9/2021
6384971799153700,Zloty,6/24/2021,7067.32,transfer,14th Floor,655,investment,5.73,9/24/2021
5602238354306026,Rupiah,4/5/2021,6831.44,deposit,PO Box 95175,656,investment,1.96,2/8/2021
5602213913978516,Ruble,9/20/2021,6938.27,transfer,Room 869,657,checking,7.05,5/30/2021
4405642792417414,Ruble,6/27/2021,8707.94,withdrawal,PO Box 67490,658,checking,0.16,1/22/2021
5436834276849556,Won,6/11/2021,6789.59,deposit,2nd Floor,659,savings,5.91,3/28/2021
06046742437143043,Euro,3/5/2021,3038.35,transfer,PO Box 63496,660,investment,5.33,6/9/2021
4017953688824641,Rupiah,8/8/2021,3929.61,withdrawal,Room 1408,661,savings,2.38,8/1/2021
3537055558317137,Naira,9/18/2021,7374.74,transfer,10th Floor,662,checking,5.44,7/20/2021
5377833378074544,Peso,11/25/2021,4568.75,withdrawal,17th Floor,663,investment,4.19,10/20/2021
589313669884539517,Dalasi,6/2/2021,7370.29,transfer,Suite 63,664,savings,4.83,6/27/2021
5491160658719841,Euro,11/29/2021,7388.09,withdrawal,Suite 77,665,investment,4.46,1/9/2021
5602243286444119,Peso,7/31/2021,7778.16,withdrawal,Suite 70,666,savings,8.28,7/19/2021
3563095951030082,Euro,7/1/2021,8014.35,deposit,Apt 955,667,savings,1.98,11/19/2021
3567945629308581,Tenge,12/23/2021,8855.88,transfer,16th Floor,668,savings,2.68,8/26/2021
3576250996754791,Yuan Renminbi,5/19/2021,813.18,deposit,3rd Floor,669,savings,6.97,4/5/2021
374288999747008,Rand,3/16/2021,4712.7,withdrawal,16th Floor,670,investment,3.83,9/4/2021
5602251244278206,Ruble,9/28/2021,8265.14,transfer,2nd Floor,671,savings,8.02,1/25/2021
5002353058612326,Euro,12/6/2021,4176.43,deposit,PO Box 72329,672,checking,5.23,7/9/2021
3589245124269519,Yuan Renminbi,7/24/2021,8932.59,deposit,Suite 1,673,investment,7.61,3/22/2021
4041378064858064,Peso,6/1/2021,1774.32,deposit,Suite 91,674,savings,4.72,7/1/2021
5602220372962774,Rupiah,9/8/2021,1488.29,deposit,8th Floor,675,investment,9.18,8/24/2021
3530250818979399,Euro,4/21/2021,9039.52,withdrawal,Apt 296,676,checking,0.01,9/11/2021
374288093114287,Ruble,6/18/2021,8078.1,deposit,5th Floor,677,investment,5.47,2/24/2021
30191172384043,Ringgit,1/27/2021,5385.34,deposit,Apt 397,678,investment,1.55,10/20/2021
5108758486312195,Rupiah,6/10/2021,278.08,transfer,8th Floor,679,savings,7.02,11/28/2021
3528587433032466,Euro,6/3/2021,7526.82,transfer,PO Box 36302,680,investment,6.36,7/6/2021
3589102619114819,Euro,12/1/2021,3821.79,withdrawal,Room 270,681,checking,4.24,11/11/2021
3551902118530447,Euro,7/23/2021,6780.48,withdrawal,Apt 1646,682,investment,6.42,11/2/2021
5602241645875307158,Dollar,7/6/2021,900.49,withdrawal,PO Box 13686,683,savings,8.44,11/14/2021
490329780280929351,Yuan Renminbi,7/25/2021,6807.29,transfer,PO Box 89398,684,investment,7.57,10/31/2021
4041378912075,Sol,11/29/2021,9717.71,transfer,Room 1028,685,checking,2.58,10/14/2021
63049808562244407,Euro,6/1/2021,6446.49,deposit,Room 910,686,savings,1.34,12/5/2021
6370716307736025,Real,10/23/2021,556.11,deposit,2nd Floor,687,investment,5.94,11/28/2021
5602253936913694,Dong,1/28/2021,5462.21,deposit,Suite 20,688,investment,6.99,3/30/2021
5038043895320954131,Yuan Renminbi,10/31/2021,9082.14,transfer,PO Box 81161,689,checking,9.15,10/13/2021
5295417929475670,Euro,8/24/2021,8819.24,withdrawal,PO Box 54593,690,checking,3.84,3/15/2021
5534839539998794,Euro,3/11/2021,385.08,withdrawal,Apt 1013,691,checking,5.15,3/30/2021
374288398585140,Peso,5/24/2021,5724.84,withdrawal,PO Box 19133,692,savings,8.32,7/31/2021
3589765931523212,Rupiah,8/27/2021,3636.37,deposit,PO Box 43352,693,savings,7.29,1/25/2021
6767791614262188195,Yuan Renminbi,12/23/2021,5963.52,deposit,PO Box 15221,694,savings,2.4,12/6/2021
4026936292652002,Ruble,5/5/2021,4119.51,withdrawal,PO Box 540,695,checking,4.59,8/2/2021
374622410433931,Peso,4/23/2021,5240.1,deposit,Room 197,696,investment,1.25,5/1/2021
5100146818094400,Peso,6/25/2021,9771.65,transfer,Room 1820,697,investment,4.97,6/18/2021
3565326868991829,Rupee,9/5/2021,2746.02,withdrawal,5th Floor,698,investment,9.33,5/10/2021
6304740731076189,Peso,11/19/2021,7435.84,transfer,Apt 993,699,checking,9.0,3/16/2021
3560742614351032,Euro,9/1/2021,9490.66,transfer,Apt 1395,700,checking,2.48,2/13/2021
6763102777622430806,Yuan Renminbi,10/4/2021,6280.27,transfer,Apt 1439,701,checking,5.53,12/11/2021
3588907935972901,Yuan Renminbi,10/22/2021,5879.39,transfer,Apt 998,702,investment,1.46,6/15/2021
3589770807845285,Yuan Renminbi,10/7/2021,2311.33,transfer,PO Box 92285,703,checking,1.4,2/4/2021
3531583044886643,Real,2/28/2021,1415.72,deposit,Room 394,704,investment,6.73,10/27/2021
5217239809132048,Ruble,6/13/2021,9340.41,deposit,Suite 77,705,investment,3.53,2/8/2021
3537711755169214,Litas,9/23/2021,8363.15,deposit,Apt 1247,706,investment,5.16,11/19/2021
3569923800314858,Lempira,11/13/2021,7489.3,transfer,Room 761,707,checking,8.72,8/4/2021
4041373451210,Rupiah,5/1/2021,6992.76,deposit,PO Box 87163,708,savings,4.09,5/4/2021
201925086312829,Zloty,2/18/2021,5162.99,withdrawal,PO Box 25348,709,savings,0.96,10/29/2021
6304631413996291,Yuan Renminbi,9/4/2021,8850.6,transfer,PO Box 46371,710,savings,3.41,8/9/2021
3535074681762731,Rupiah,5/21/2021,5212.47,withdrawal,Apt 666,711,checking,9.03,5/17/2021
3536297262087736,Pound,3/19/2021,1681.62,withdrawal,Apt 47,712,savings,2.9,1/1/2021
4041379818418288,Yuan Renminbi,3/25/2021,5666.64,withdrawal,Room 854,713,investment,4.88,6/12/2021
4905211931828272,Euro,2/3/2021,6058.51,transfer,Room 234,714,savings,6.61,4/13/2021
676719030704672282,Taka,8/5/2021,5229.41,transfer,Room 242,715,checking,3.77,5/29/2021
633381634064930525,Euro,12/30/2021,4159.13,transfer,Apt 611,716,investment,9.26,11/25/2021
30220436788150,Rupiah,11/22/2021,1883.77,withdrawal,Apt 1811,717,savings,1.9,7/17/2021
3580498901335511,Peso,6/7/2021,4996.28,withdrawal,Suite 50,718,checking,3.1,2/21/2021
6333313412631306873,Rupiah,12/4/2021,8397.72,transfer,15th Floor,719,savings,1.04,3/4/2021
3573391169508326,Rial,10/27/2021,1030.68,transfer,10th Floor,720,savings,7.23,7/27/2021
3534807112216384,Yuan Renminbi,9/22/2021,6079.56,deposit,12th Floor,721,investment,8.68,5/17/2021
201481940340515,Ruble,3/15/2021,8839.57,transfer,PO Box 42458,722,investment,7.93,6/8/2021
370526532977390,Yuan Renminbi,2/9/2021,9380.91,deposit,Apt 1991,723,savings,0.69,11/25/2021
3538638179565629,Krona,11/19/2021,8588.2,deposit,Room 1552,724,savings,7.68,1/21/2021
4844416992099978,Real,3/11/2021,1390.41,deposit,15th Floor,725,savings,3.64,10/22/2021
3546497452128815,Naira,9/23/2021,2803.3,deposit,Apt 1648,726,checking,9.71,10/8/2021
201406638155107,Yuan Renminbi,9/9/2021,9042.34,withdrawal,Suite 34,727,checking,2.64,12/24/2021
561089641348628443,Euro,11/9/2021,5751.18,withdrawal,8th Floor,728,savings,6.55,11/4/2021
5496192604868120,Peso,4/8/2021,5489.06,transfer,Apt 1891,729,checking,8.15,11/2/2021
3562902684910400,Rupiah,6/4/2021,5790.86,deposit,Apt 783,730,checking,9.48,4/17/2021
5610062788009240,Peso,1/28/2021,6945.98,withdrawal,Room 1857,731,investment,7.74,9/15/2021
3532684396828420,Boliviano,3/19/2021,1993.98,withdrawal,PO Box 54127,732,checking,7.63,8/19/2021
56106685781198083,Yuan Renminbi,4/29/2021,453.98,deposit,17th Floor,733,savings,6.64,8/24/2021
30328622501590,Peso,10/8/2021,7569.93,transfer,PO Box 74480,734,savings,6.35,9/20/2021
6304194110706468553,Peso,8/20/2021,4073.66,transfer,11th Floor,735,investment,9.35,8/5/2021
3534463967955617,Krona,10/4/2021,2500.77,transfer,Apt 729,736,checking,4.46,11/4/2021
3548661643824297,Tala,6/9/2021,6612.53,withdrawal,Room 305,737,savings,9.76,1/22/2021
3587149321091910,Yuan Renminbi,11/13/2021,6152.69,deposit,PO Box 33759,738,investment,3.69,8/12/2021
677149792437838534,Kyat,10/15/2021,3770.03,deposit,13th Floor,739,checking,0.42,12/29/2021
5453202827190870,Baht,11/28/2021,2704.39,deposit,11th Floor,740,checking,3.75,11/21/2021
3561113399549985,Yuan Renminbi,8/16/2021,8074.31,withdrawal,Suite 20,741,checking,5.03,4/2/2021
4917997964244397,Metical,9/4/2021,184.06,transfer,19th Floor,742,checking,2.25,2/18/2021
6376221968466511,Rupiah,9/24/2021,1738.07,withdrawal,6th Floor,743,investment,5.97,9/20/2021
633476598041663770,Koruna,10/8/2021,8712.26,transfer,6th Floor,744,investment,8.26,8/14/2021
5610730248468608,Yuan Renminbi,7/27/2021,7043.39,transfer,Apt 997,745,savings,3.14,11/10/2021
36467891514027,Euro,1/27/2021,7685.79,deposit,PO Box 73129,746,checking,0.92,2/10/2021
3539127941961000,Peso,1/3/2021,9485.38,deposit,Room 1897,747,savings,3.18,9/15/2021
3579516129952446,Tugrik,6/3/2021,3252.34,transfer,Room 233,748,investment,8.22,9/26/2021
5500699592896032,Yen,9/6/2021,8596.2,withdrawal,17th Floor,749,investment,5.4,4/27/2021
56022105261703311,Lempira,2/18/2021,5128.46,withdrawal,12th Floor,750,investment,7.61,10/16/2021
3541432189724953,Dollar,2/24/2021,2710.54,deposit,Apt 394,751,checking,8.14,3/20/2021
3578754410992257,Real,4/9/2021,5306.07,deposit,Room 1198,752,savings,9.73,12/3/2021
5602243843288306,Dong,10/11/2021,5469.83,withdrawal,PO Box 55109,753,savings,5.64,10/8/2021
5602257941834423,Rial,12/16/2021,9886.01,transfer,Room 114,754,checking,3.73,11/25/2021
3534181272561041,Rupiah,8/26/2021,9909.13,deposit,Suite 39,755,savings,8.84,12/14/2021
3588887797409350,Won,2/2/2021,6393.15,withdrawal,Room 1855,756,savings,6.5,4/26/2021
5602243059996931,Yuan Renminbi,11/8/2021,6760.15,deposit,Suite 27,757,investment,9.52,7/11/2021
6371132550639164,Ruble,1/12/2021,5115.07,withdrawal,4th Floor,758,checking,3.65,8/18/2021
3535317930818782,Euro,5/17/2021,2098.36,withdrawal,Suite 2,759,savings,8.22,5/12/2021
3581288404269500,Peso,8/7/2021,9373.88,deposit,Suite 89,760,savings,5.13,3/27/2021
3538519540884784,Rupiah,5/8/2021,4598.32,withdrawal,Apt 1469,761,savings,7.75,9/28/2021
3528451479222863,Rupee,8/1/2021,289.05,deposit,PO Box 35715,762,investment,6.56,5/20/2021
67615128864476291,Zloty,1/24/2021,7957.21,deposit,8th Floor,763,investment,5.93,1/20/2021
201988056476149,Euro,7/1/2021,7586.46,transfer,Suite 8,764,investment,6.6,5/14/2021
3552418391337383,Euro,8/15/2021,1228.71,deposit,Apt 1358,765,investment,3.12,12/9/2021
5108757310890459,Franc,1/5/2021,7875.44,deposit,PO Box 87666,766,checking,2.16,5/3/2021
3561012275045482,Yuan Renminbi,12/28/2021,3217.44,transfer,Suite 16,767,checking,9.43,3/26/2021
3582668345125961,Peso,4/20/2021,390.38,transfer,PO Box 76579,768,checking,1.51,1/9/2021
3561523188778084,Yen,9/13/2021,1932.05,transfer,Room 1260,769,savings,3.42,5/24/2021
340052968532663,Euro,11/10/2021,3535.27,transfer,PO Box 32351,770,savings,7.17,2/5/2021
377583784132052,Krona,2/7/2021,4268.3,transfer,PO Box 14172,771,savings,4.48,8/12/2021
3573126030497287,Sol,7/3/2021,5704.24,deposit,Room 44,772,savings,5.71,10/21/2021
5602224560423391,Ruble,6/20/2021,678.53,deposit,19th Floor,773,investment,9.99,12/8/2021
3586302328176710,Yuan Renminbi,1/17/2021,3942.41,transfer,Suite 5,774,investment,5.14,3/18/2021
3576782649878494,Zloty,3/2/2021,2702.28,transfer,20th Floor,775,investment,1.73,7/5/2021
5538708510417130,Koruna,5/23/2021,6147.11,transfer,Apt 961,776,checking,1.68,8/11/2021
3540258717984343,Dollar,3/20/2021,639.3,deposit,Room 1801,777,investment,4.12,7/13/2021
5020987222942882218,Euro,11/8/2021,8902.53,withdrawal,5th Floor,778,investment,3.81,3/12/2021
677193235051592552,Peso,1/18/2021,4018.69,withdrawal,PO Box 24598,779,savings,5.63,10/13/2021
5602217553599276578,Pound,10/14/2021,56.68,withdrawal,8th Floor,780,investment,2.88,1/1/2021
201834571479905,Yuan Renminbi,10/29/2021,1290.19,withdrawal,Apt 1391,781,checking,0.65,4/2/2021
4844961103069543,Yuan Renminbi,2/14/2021,9325.66,deposit,PO Box 99043,782,savings,1.67,9/17/2021
5100140087180149,Dollar,1/21/2021,8325.55,deposit,PO Box 77492,783,investment,5.55,12/18/2021
6381215544746373,Zloty,12/17/2021,7234.4,deposit,9th Floor,784,checking,7.15,6/21/2021
670936020341533039,Ruble,6/26/2021,5390.29,deposit,20th Floor,785,investment,2.13,9/26/2021
4309786164542,Quetzal,5/27/2021,9971.44,deposit,14th Floor,786,checking,6.57,4/14/2021
4913933736322900,Marka,1/10/2021,1843.37,transfer,Room 123,787,savings,5.52,5/28/2021
201542604077444,Yuan Renminbi,5/29/2021,5435.77,transfer,PO Box 35390,788,savings,6.28,3/30/2021
5562626621152850,Rupiah,9/7/2021,5821.22,transfer,13th Floor,789,investment,2.11,5/15/2021
4041375664821914,Yuan Renminbi,7/7/2021,8598.0,deposit,PO Box 64067,790,investment,2.25,12/9/2021
67626210224932283,Dinar,8/21/2021,7001.98,withdrawal,Apt 9,791,investment,6.89,1/25/2021
3529240933571620,Rupiah,11/19/2021,9337.14,withdrawal,17th Floor,792,savings,4.03,12/28/2021
6386948695372277,Peso,3/11/2021,4635.59,withdrawal,Suite 88,793,savings,3.28,2/28/2021
3576512014479523,Manat,6/16/2021,4355.91,withdrawal,PO Box 55388,794,savings,9.51,11/5/2021
3560689720886304,Peso,9/6/2021,6038.05,transfer,15th Floor,795,checking,8.78,7/22/2021
3538268072940347,Tenge,2/19/2021,124.92,transfer,PO Box 95943,796,investment,8.6,9/23/2021
5197054170221534,Peso,5/8/2021,8148.19,deposit,Suite 44,797,savings,3.92,8/3/2021
6759750393749239,Som,7/21/2021,3170.3,transfer,3rd Floor,798,savings,5.98,4/30/2021
5378996258926452,Rupiah,4/27/2021,5454.94,deposit,Suite 19,799,checking,6.67,2/3/2021
3551816140345113,Rupee,1/25/2021,4504.96,deposit,Room 300,800,checking,1.83,10/26/2021
3561821772295246,Yuan Renminbi,10/3/2021,7839.9,transfer,8th Floor,801,savings,7.47,2/9/2021
63048710669248268,Zloty,12/3/2021,5518.96,withdrawal,12th Floor,802,investment,3.99,8/3/2021
3586682445364897,Yuan Renminbi,4/4/2021,645.0,withdrawal,Room 573,803,checking,7.18,3/8/2021
4917591129865004,Krona,8/4/2021,1381.88,withdrawal,Suite 37,804,investment,5.25,7/27/2021
4175009538233281,Boliviano,6/14/2021,4583.32,withdrawal,2nd Floor,805,investment,4.28,4/15/2021
633401027924286343,Rial,7/17/2021,4501.86,transfer,Apt 1640,806,checking,9.86,1/10/2021
3565988935349859,Yuan Renminbi,11/25/2021,9947.87,deposit,7th Floor,807,savings,1.4,7/4/2021
36188333560440,Real,2/11/2021,9951.82,withdrawal,Apt 1842,808,investment,3.33,10/2/2021
5532255110300460,Yuan Renminbi,3/7/2021,5753.44,withdrawal,PO Box 43002,809,investment,0.42,8/30/2021
4026685456793454,Yuan Renminbi,10/31/2021,5154.4,deposit,Room 1055,810,investment,2.47,10/11/2021
3545739886279867,Koruna,6/11/2021,8518.97,deposit,Suite 36,811,investment,2.46,2/25/2021
6304311554567446422,Krona,2/20/2021,2795.25,withdrawal,Apt 1137,812,investment,4.77,4/1/2021
4041596295954499,Rupiah,8/26/2021,4989.09,deposit,Room 511,813,checking,8.07,1/30/2021
5602219661074056387,Naira,3/24/2021,7839.6,transfer,PO Box 72884,814,savings,1.19,8/18/2021
3571808747962875,Euro,1/31/2021,4675.21,deposit,14th Floor,815,investment,4.55,3/23/2021
3556846515615589,Euro,7/11/2021,2142.25,deposit,Suite 79,816,checking,0.72,12/22/2021
676264023413397910,Kuna,2/16/2021,4817.79,transfer,13th Floor,817,investment,4.32,12/26/2021
3534060561516660,Yuan Renminbi,12/27/2021,7969.65,withdrawal,Apt 580,818,investment,8.19,7/19/2021
4917163340225747,Bolivar,6/3/2021,7700.14,deposit,20th Floor,819,checking,5.17,11/1/2021
3554612487306348,Euro,1/14/2021,4798.87,transfer,Apt 566,820,savings,8.03,10/10/2021
503875308106709654,Rupiah,12/5/2021,9850.14,withdrawal,PO Box 89014,821,checking,3.56,2/28/2021
3571832515037843,Krona,7/11/2021,509.68,withdrawal,PO Box 79188,822,investment,3.55,3/10/2021
3529415367934383,Baht,12/9/2021,5229.93,deposit,Suite 50,823,checking,0.78,11/23/2021
3571366066722537,Euro,1/31/2021,5467.5,deposit,Apt 802,824,savings,2.17,7/17/2021
4905509908412156,Yuan Renminbi,1/26/2021,774.24,withdrawal,Room 1616,825,investment,3.89,12/18/2021
30543862232363,Euro,1/8/2021,5250.69,transfer,18th Floor,826,savings,4.06,2/23/2021
5018991425133450,Franc,12/16/2021,9961.59,transfer,PO Box 41892,827,savings,5.09,8/31/2021
3582931381812193,Naira,1/8/2021,4166.92,transfer,Room 135,828,savings,8.44,1/20/2021
3572097476986631,Peso,4/28/2021,2204.36,withdrawal,Apt 1416,829,checking,0.96,8/30/2021
343419012118863,Euro,7/9/2021,7570.03,deposit,PO Box 45518,830,savings,7.4,11/3/2021
30247692860944,Dollar,1/18/2021,4913.07,deposit,Suite 33,831,investment,9.25,8/26/2021
6304246107220928003,Euro,1/11/2021,2398.96,withdrawal,Apt 1844,832,investment,7.01,11/28/2021
201451078451830,Yuan Renminbi,4/20/2021,6994.64,transfer,PO Box 65412,833,investment,2.29,3/21/2021
3569566524782973,Lari,2/3/2021,4022.64,deposit,Apt 846,834,savings,4.74,2/11/2021
373449061909527,Yuan Renminbi,4/4/2021,797.18,withdrawal,Room 410,835,investment,5.17,7/30/2021
3570435367102052,Euro,4/8/2021,5501.97,deposit,PO Box 23090,836,investment,9.42,11/12/2021
3577870266869877,Euro,10/14/2021,4237.88,deposit,Apt 1993,837,investment,8.74,4/24/2021
5209664931836341,Franc,2/27/2021,877.73,withdrawal,PO Box 37551,838,savings,9.19,2/17/2021
5020292803754231,Euro,3/11/2021,270.7,withdrawal,11th Floor,839,savings,8.41,9/24/2021
3540054182383438,Peso,5/3/2021,6372.43,deposit,Suite 73,840,investment,2.86,1/30/2021
3542318550582725,Ruble,4/16/2021,3329.34,transfer,PO Box 51011,841,investment,4.13,2/1/2021
3589289014931820,Tugrik,6/27/2021,7846.09,withdrawal,Room 1699,842,investment,8.73,7/13/2021
3544259554172998,Peso,12/1/2021,942.48,transfer,PO Box 69208,843,savings,2.24,9/19/2021
3544235867169285,Real,7/13/2021,716.59,transfer,4th Floor,844,investment,7.71,10/31/2021
3542910204800212,Hryvnia,1/20/2021,8403.26,withdrawal,PO Box 39910,845,investment,3.0,3/12/2021
5048376231604304,Euro,11/2/2021,6320.2,transfer,10th Floor,846,savings,4.04,1/24/2021
5610199694971897,Euro,4/3/2021,4515.78,transfer,PO Box 13983,847,investment,7.49,8/25/2021
3550223250176449,Yuan Renminbi,10/16/2021,2870.39,withdrawal,8th Floor,848,savings,8.93,10/10/2021
30109946507343,Metical,3/8/2021,9884.99,transfer,Apt 1433,849,checking,3.81,8/23/2021
3528501558334904,Rand,3/21/2021,7232.5,deposit,Apt 1481,850,checking,1.2,7/23/2021
337941469653611,Ruble,1/30/2021,9376.46,transfer,11th Floor,851,checking,4.68,11/1/2021
3551772237382792,Euro,2/14/2021,7910.74,transfer,Suite 6,852,savings,2.46,12/22/2021
4017957353264033,Yuan Renminbi,10/9/2021,2513.51,deposit,PO Box 6553,853,investment,6.13,5/3/2021
4026613868719578,Ngultrum,1/28/2021,4076.87,withdrawal,Apt 981,854,checking,6.76,7/23/2021
3542086578379255,Kuna,5/31/2021,7491.07,deposit,11th Floor,855,investment,0.44,10/26/2021
5602250492419025,Yuan Renminbi,6/8/2021,3785.59,withdrawal,5th Floor,856,checking,8.78,1/8/2021
3541935515963293,Yen,4/23/2021,9780.45,withdrawal,Room 655,857,checking,3.31,5/17/2021
3580563805423737,Cedi,9/26/2021,6764.2,deposit,Suite 27,858,investment,0.42,1/11/2021
3532792752544935,Yuan Renminbi,1/22/2021,1258.16,withdrawal,Apt 398,859,investment,8.91,10/29/2021
3547252385566717,Ruble,1/4/2021,1097.94,deposit,Room 1609,860,investment,1.34,5/18/2021
6396146991957283,Peso,12/6/2021,6917.18,transfer,9th Floor,861,savings,5.83,3/4/2021
201790083540578,Rupiah,8/29/2021,8047.52,transfer,PO Box 92796,862,savings,3.48,5/10/2021
3567437266127680,Tugrik,10/5/2021,1611.39,transfer,Apt 1559,863,checking,4.54,7/18/2021
3550720090024846,Zloty,11/7/2021,8644.89,withdrawal,PO Box 57895,864,savings,9.42,8/15/2021
0604336659979858914,Yuan Renminbi,9/23/2021,7829.53,withdrawal,PO Box 83560,865,investment,7.24,5/11/2021
5100143575881160,Litas,2/24/2021,4321.43,transfer,PO Box 30448,866,investment,5.76,4/4/2021
5602252503412833,Yuan Renminbi,11/11/2021,724.63,withdrawal,Suite 37,867,checking,1.49,1/25/2021
5515745781259368,Yuan Renminbi,1/3/2021,4203.41,transfer,Room 1609,868,checking,8.21,11/2/2021
3568838584326061,Yuan Renminbi,11/26/2021,370.8,withdrawal,PO Box 62445,869,investment,2.84,1/21/2021
3529479502957816,Euro,10/22/2021,9782.83,transfer,17th Floor,870,investment,1.52,8/30/2021
3559771061686676,Real,12/11/2021,9423.83,transfer,PO Box 3447,871,investment,5.32,6/8/2021
3578446601509244,Peso,11/26/2021,7607.69,withdrawal,Room 70,872,investment,7.62,5/15/2021
3559390405438759,Rupiah,2/17/2021,2005.12,transfer,Room 1855,873,checking,8.26,12/1/2021
5100176395125814,Krona,1/1/2021,1656.01,withdrawal,13th Floor,874,checking,8.53,5/10/2021
670972021696054592,Yuan Renminbi,7/26/2021,2981.64,transfer,3rd Floor,875,savings,6.41,4/7/2021
6759651666298443,Yen,7/14/2021,6890.46,withdrawal,PO Box 98251,876,checking,1.32,11/12/2021
4041592418958,Yuan Renminbi,11/4/2021,3820.42,withdrawal,18th Floor,877,savings,9.67,1/21/2021
3544942758613020,Dinar,10/4/2021,8476.05,transfer,PO Box 89711,878,checking,6.57,6/13/2021
3530879040235343,Ruble,10/15/2021,3462.65,deposit,Apt 176,879,investment,8.48,11/29/2021
5396193192490237,Yuan Renminbi,11/11/2021,1042.34,transfer,PO Box 37961,880,checking,7.67,9/30/2021
677178051130651312,Krona,11/18/2021,8304.54,deposit,Suite 87,881,savings,4.41,12/28/2021
3581630011929564,Dollar,7/14/2021,4416.84,withdrawal,2nd Floor,882,checking,0.33,4/24/2021
3564203360483053,Rupiah,8/29/2021,5435.74,withdrawal,2nd Floor,883,savings,0.53,10/7/2021
4405251298524283,Peso,3/24/2021,3815.57,deposit,Room 890,884,checking,1.87,3/11/2021
3588644628067729,Yuan Renminbi,7/9/2021,5617.04,transfer,7th Floor,885,investment,7.32,8/25/2021
3548421297018872,Euro,11/28/2021,1510.92,withdrawal,Room 531,886,savings,9.43,12/17/2021
3577940806878363,Bolivar,7/11/2021,6781.43,transfer,Apt 535,887,investment,2.85,8/24/2021
4405107249861317,Krona,11/7/2021,6539.45,deposit,Room 157,888,checking,9.53,11/9/2021
06044710435703383,Peso,10/1/2021,3450.35,transfer,14th Floor,889,checking,3.71,11/6/2021
3571453364380828,Litas,1/17/2021,1425.15,transfer,Room 1275,890,savings,1.61,11/17/2021
3574810754530360,Franc,9/29/2021,424.48,deposit,Apt 1492,891,investment,2.8,11/11/2021
3531284632929768,Krona,7/10/2021,2662.17,transfer,PO Box 24495,892,savings,2.59,11/1/2021
3558192122995934,Zloty,12/22/2021,1136.47,deposit,Room 190,893,investment,5.71,4/13/2021
3538651196004662,Euro,10/28/2021,989.85,transfer,PO Box 86157,894,checking,1.29,11/12/2021
3560321724878182,Rupiah,2/15/2021,733.22,transfer,14th Floor,895,investment,2.77,5/21/2021
3553553419885101,Peso,2/5/2021,3174.69,withdrawal,Apt 1922,896,investment,2.94,4/11/2021
50183507311338162,Ruble,12/16/2021,2537.5,deposit,Room 1801,897,checking,8.23,10/25/2021
6706249450099527271,Yuan Renminbi,7/29/2021,9890.3,deposit,Room 1331,898,savings,8.76,10/8/2021
3543106810769508,Hryvnia,10/23/2021,5090.44,deposit,6th Floor,899,checking,9.79,2/19/2021
50186219524419261,Dollar,4/30/2021,9937.04,withdrawal,Apt 422,900,investment,5.16,1/28/2021
3563460984090315,Shekel,1/25/2021,9031.48,transfer,1st Floor,901,checking,0.33,6/27/2021
3574891006741013,Peso,2/2/2021,4568.58,transfer,Room 1268,902,savings,7.78,2/19/2021
06049342554777629,Dollar,5/4/2021,2163.09,deposit,Room 1893,903,investment,2.11,12/11/2021
3541864002247921,Hryvnia,6/10/2021,306.13,transfer,PO Box 92165,904,savings,8.74,6/28/2021
201749904321261,Euro,12/26/2021,8086.08,withdrawal,7th Floor,905,investment,6.03,11/4/2021
3532165904289156,Yuan Renminbi,1/23/2021,910.81,transfer,Apt 832,906,savings,3.08,3/28/2021
337941017321125,Real,12/13/2021,8467.64,transfer,PO Box 88009,907,savings,1.75,4/5/2021
3552662945290222,Yuan Renminbi,4/30/2021,9994.88,withdrawal,Room 884,908,checking,4.53,2/15/2021
6759215969815061,Yuan Renminbi,1/12/2021,2248.83,deposit,PO Box 19152,909,investment,9.29,8/18/2021
3549421954234928,Zloty,9/4/2021,2254.65,withdrawal,Apt 873,910,checking,1.18,6/4/2021
30135518165160,Peso,1/16/2021,6036.88,transfer,Apt 1970,911,savings,8.05,9/4/2021
30117344025834,Ruble,7/20/2021,1683.62,withdrawal,17th Floor,912,investment,2.39,5/19/2021
5575625759221078,Tugrik,5/17/2021,4929.19,withdrawal,9th Floor,913,checking,5.75,2/7/2021
5641825912809484,Real,3/10/2021,4275.02,withdrawal,Apt 973,914,savings,7.33,3/7/2021
3581655151364579,Yuan Renminbi,7/2/2021,5944.59,transfer,Suite 93,915,investment,6.63,2/9/2021
3536729904314789,Euro,12/27/2021,3466.45,transfer,PO Box 71406,916,checking,5.65,7/5/2021
4905548658015355,Ruble,2/6/2021,8109.22,withdrawal,18th Floor,917,investment,2.15,3/27/2021
3576906018046009,Zloty,5/2/2021,7363.69,transfer,Apt 1939,918,checking,7.64,11/25/2021
3560240430709855,Ruble,7/9/2021,2999.57,withdrawal,Suite 22,919,savings,0.55,11/3/2021
5100170754316320,Yuan Renminbi,4/26/2021,7438.99,deposit,17th Floor,920,savings,7.29,10/19/2021
3553901167244486,Quetzal,6/17/2021,617.25,withdrawal,Apt 742,921,savings,4.42,4/9/2021
5010125578851042,Peso,6/5/2021,5128.73,deposit,Suite 81,922,investment,6.73,4/27/2021
6333945640508785,Yuan Renminbi,6/23/2021,9741.06,transfer,Room 839,923,checking,2.48,9/11/2021
3572775820560075,Dollar,7/7/2021,1212.64,deposit,Apt 484,924,savings,7.54,12/4/2021
3548066742578267,Yuan Renminbi,5/24/2021,5112.63,transfer,Apt 1816,925,savings,5.42,10/21/2021
3553252439161011,Pound,12/13/2021,795.36,transfer,5th Floor,926,savings,0.74,5/13/2021
3560247211823243,Koruna,1/27/2021,2747.31,withdrawal,Apt 910,927,investment,4.02,4/27/2021
5602216924860052,Rupiah,4/30/2021,9317.1,withdrawal,PO Box 59851,928,checking,1.42,11/18/2021
4041594621699441,Lempira,10/30/2021,7647.5,transfer,Apt 261,929,investment,1.57,6/18/2021
3580014909496542,Rupiah,5/9/2021,879.62,deposit,Suite 23,930,savings,7.02,6/28/2021
30535074957803,Dirham,2/2/2021,8108.27,transfer,14th Floor,931,investment,5.26,11/5/2021
3584942080518559,Real,5/8/2021,4415.73,deposit,Apt 956,932,checking,3.52,11/5/2021
30224476209903,Ruble,12/5/2021,9521.24,deposit,Apt 66,933,investment,8.16,8/22/2021
3584605562439962,Dollar,9/12/2021,7917.2,deposit,Apt 1754,934,checking,7.32,1/27/2021
5602226189547518,Real,7/30/2021,3642.82,deposit,Apt 1420,935,savings,6.3,9/6/2021
5048373719396974,Peso,10/14/2021,7883.16,transfer,1st Floor,936,investment,0.81,2/9/2021
3567992609368714,Dollar,4/11/2021,8625.19,deposit,PO Box 18832,937,investment,2.01,8/22/2021
4405697863634800,Euro,6/7/2021,5074.54,deposit,Apt 1832,938,investment,5.15,5/1/2021
3541135018158810,Boliviano,10/1/2021,3499.81,transfer,2nd Floor,939,savings,7.73,12/22/2021
3583012888622044,Yen,9/6/2021,7346.22,withdrawal,Apt 1216,940,savings,5.59,8/4/2021
3580174569872612,Rupiah,8/2/2021,8233.87,withdrawal,Apt 1428,941,savings,6.42,6/8/2021
6759966732678543500,Peso,5/26/2021,9671.59,withdrawal,Suite 72,942,checking,3.98,12/14/2021
337941775726945,Euro,10/8/2021,3751.73,withdrawal,20th Floor,943,checking,6.85,12/7/2021
374283802611079,Dollar,6/15/2021,7742.21,deposit,PO Box 51421,944,checking,5.67,3/23/2021
201918693179574,Baht,2/16/2021,7112.93,transfer,Room 653,945,investment,9.08,12/1/2021
4844886112908250,Ruble,9/5/2021,8009.65,deposit,Room 669,946,investment,2.38,8/14/2021
3576140849444494,Naira,10/4/2021,6209.21,withdrawal,Suite 89,947,investment,0.91,5/11/2021
670697677677363908,Dollar,4/17/2021,6592.09,deposit,Suite 59,948,investment,8.77,9/14/2021
5512619376232267,Rupiah,2/5/2021,6647.28,deposit,Room 410,949,savings,0.45,10/3/2021
4017951046127,Yen,6/17/2021,3010.3,transfer,Room 1028,950,savings,3.14,6/16/2021
3553904930120660,Ruble,8/23/2021,8915.3,deposit,Apt 751,951,savings,5.78,10/20/2021
4175007019463948,Yuan Renminbi,5/19/2021,3017.44,withdrawal,Room 1854,952,savings,9.09,12/21/2021
060435490353060728,Dollar,10/19/2021,295.2,withdrawal,18th Floor,953,checking,9.17,2/3/2021
4911868921575250149,Yuan Renminbi,12/2/2021,9370.86,withdrawal,Room 80,954,savings,0.09,6/27/2021
201627795749107,Peso,6/30/2021,6814.88,withdrawal,Suite 63,955,investment,1.24,9/16/2021
560223289238472131,Peso,1/10/2021,8869.7,withdrawal,17th Floor,956,savings,3.31,9/14/2021
5602235873083359,Euro,12/12/2021,9932.15,withdrawal,Apt 1338,957,savings,1.93,10/9/2021
3551742879011512,Cordoba,6/30/2021,673.65,transfer,Apt 1742,958,investment,9.93,2/15/2021
5602240018610439,Peso,8/28/2021,7584.31,transfer,Suite 23,959,investment,2.39,11/10/2021
3583684333662146,Ringgit,12/7/2021,5442.74,deposit,Apt 1960,960,investment,9.49,3/26/2021
3570501188057831,Dollar,1/30/2021,441.53,deposit,PO Box 43312,961,investment,9.45,1/10/2021
6399714164538383,Yuan Renminbi,5/1/2021,6519.33,transfer,Apt 955,962,savings,4.29,10/24/2021
6709462147969907492,Rupiah,1/8/2021,2630.95,withdrawal,Suite 82,963,investment,9.0,8/25/2021
5602244688284632,Zloty,2/21/2021,8214.18,transfer,Apt 1922,964,checking,7.37,2/2/2021
3584599890869588,Rupiah,10/11/2021,8754.57,deposit,Apt 929,965,checking,8.67,12/4/2021
5002351651423935,Dollar,12/16/2021,7704.91,transfer,19th Floor,966,checking,3.11,5/22/2021
3585176531408206,Euro,9/30/2021,1235.05,withdrawal,PO Box 26635,967,checking,7.58,4/3/2021
3538937441603477,Euro,11/15/2021,2784.29,withdrawal,Suite 55,968,savings,4.88,6/19/2021
374622902048478,Peso,4/17/2021,5304.08,deposit,Apt 647,969,savings,0.33,10/6/2021
3583565290115287,Krona,11/14/2021,2708.03,deposit,Room 243,970,savings,9.69,7/14/2021
3553746623967877,Euro,5/22/2021,3797.38,transfer,PO Box 41445,971,checking,9.04,8/8/2021
3568519318915409,Real,3/18/2021,8155.07,deposit,Suite 8,972,investment,7.23,1/15/2021
4041371081794792,Hryvnia,10/28/2021,4175.98,transfer,PO Box 12540,973,investment,2.19,11/19/2021
5641820309037307831,Real,8/5/2021,2840.93,deposit,PO Box 64859,974,investment,5.45,9/27/2021
3586263453144198,Dong,4/15/2021,1091.34,transfer,Room 1544,975,savings,7.91,9/17/2021
3568883657084643,Rupiah,7/27/2021,682.32,transfer,Apt 751,976,checking,0.61,4/18/2021
201823494426341,Tala,10/28/2021,7290.91,withdrawal,5th Floor,977,investment,8.05,4/22/2021
3569233122538675,Rupiah,4/18/2021,7944.26,withdrawal,7th Floor,978,checking,4.07,5/27/2021
5100140039386109,Rupiah,10/8/2021,6479.19,transfer,2nd Floor,979,investment,9.38,2/28/2021
3545690417856790,Dollar,6/20/2021,1082.29,transfer,Room 657,980,checking,7.3,4/7/2021
3556317078399367,Pound,1/17/2021,3176.43,transfer,10th Floor,981,checking,0.17,3/20/2021
337941572731155,Yuan Renminbi,9/6/2021,5048.32,transfer,Room 880,982,checking,7.63,4/28/2021
3548477603181978,Baht,2/7/2021,9162.83,transfer,Suite 88,983,savings,0.28,11/7/2021
3554758182900560,Dollar,5/24/2021,1704.85,deposit,Apt 1450,984,investment,7.25,7/29/2021
3551412286830223,Yen,12/25/2021,3096.92,transfer,Apt 1168,985,checking,4.26,2/7/2021
5100136002816817,Euro,6/17/2021,2804.77,transfer,19th Floor,986,savings,3.27,3/21/2021
3555423858345132,Yuan Renminbi,9/3/2021,1588.82,transfer,Room 1880,987,savings,4.99,9/12/2021
560224796088662420,Euro,5/1/2021,8663.5,withdrawal,14th Floor,988,savings,6.04,2/13/2021
5602235564768003,Baht,6/26/2021,9681.89,transfer,Suite 100,989,investment,7.13,1/15/2021
343761622501248,Dollar,10/9/2021,4932.0,withdrawal,Suite 56,990,savings,1.32,12/26/2021
3557906388437583,Koruna,12/22/2021,46.4,deposit,PO Box 58538,991,checking,6.29,12/27/2021
67091810516240000,Rupiah,1/24/2021,1782.51,transfer,Apt 143,992,investment,3.44,9/10/2021
630412642402848027,Shilling,7/17/2021,3267.05,withdrawal,Suite 96,993,savings,5.04,2/18/2021
3538566146280750,Zloty,8/5/2021,3013.37,transfer,Suite 100,994,investment,9.23,4/27/2021
3576016036560526,Euro,3/29/2021,4664.61,withdrawal,12th Floor,995,investment,9.77,8/7/2021
3575671815896482,Hryvnia,2/26/2021,7989.45,withdrawal,Apt 536,996,savings,7.46,5/22/2021
5100130225736332,Rupiah,9/30/2021,918.11,transfer,Room 273,997,savings,7.6,7/18/2021
3537101852245853,Yuan Renminbi,7/5/2021,5682.86,transfer,Apt 1144,998,investment,7.51,10/3/2021
3544302745367166,Real,10/28/2021,5391.3,deposit,Suite 4,999,investment,1.1,6/11/2021
3576336427707662,Ruble,4/7/2021,2637.19,deposit,PO Box 32708,1000,checking,1.75,10/11/2021
